"Data";"Hora (UTC)";"Temp. Ins. (C)";"Temp. Max. (C)";"Temp. Min. (C)";"Umi. Ins. (%)";"Umi. Max. (%)";"Umi. Min. (%)";"Pto Orvalho Ins. (C)";"Pto Orvalho Max. (C)";"Pto Orvalho Min. (C)";"Pressao Ins. (hPa)";"Pressao Max. (hPa)";"Pressao Min. (hPa)";"Vel. Vento (m/s)";"Dir. Vento (m/s)";"Raj. Vento (m/s)";"Radiacao (KJ/m²)";"Chuva (mm)"
"01/06/2021";"0000";"13,9";"14,9";"13,9";"";"";"";"";"";"";"930,4";"930,7";"930,4";"0,6";"98,0";"4,1";"";"0,0"
"01/06/2021";"0100";"14,3";"14,3";"13,8";"";"";"";"";"";"";"930,5";"930,5";"930,4";"0,3";"214,0";"1,1";"";"0,0"
"01/06/2021";"0200";"14,5";"14,6";"14,3";"";"";"";"";"";"";"930,4";"930,5";"930,3";"0,9";"191,0";"1,9";"";"0,0"
"01/06/2021";"0300";"14,1";"14,6";"13,9";"";"";"";"";"";"";"930,6";"930,6";"930,3";"0,8";"153,0";"2,6";"";"0,0"
"01/06/2021";"0400";"13,7";"14,1";"13,7";"";"";"";"";"";"";"930,4";"930,6";"930,2";"0,4";"269,0";"2,4";"";"0,0"
"01/06/2021";"0500";"13,8";"14,1";"13,7";"";"";"";"";"";"";"929,9";"930,4";"929,9";"0,9";"231,0";"2,1";"";"0,0"
"01/06/2021";"0600";"13,8";"13,8";"13,6";"";"";"";"";"";"";"929,4";"929,9";"929,4";"0,4";"55,0";"2,0";"";"0,0"
"01/06/2021";"0700";"13,8";"13,9";"13,7";"";"";"";"";"";"";"929,0";"929,4";"928,9";"0,4";"115,0";"1,4";"";"0,0"
"01/06/2021";"0800";"13,9";"14,0";"13,8";"";"";"";"";"";"";"928,5";"929,0";"928,5";"0,3";"125,0";"1,1";"";"0,0"
"01/06/2021";"0900";"13,9";"14,0";"13,9";"";"";"";"";"";"";"928,5";"928,6";"928,5";"0,9";"101,0";"1,8";"";"0,0"
"01/06/2021";"1000";"13,3";"13,9";"13,3";"";"";"";"";"";"";"928,6";"928,8";"928,5";"0,5";"150,0";"1,4";"2,30";"0,0"
"01/06/2021";"1100";"14,6";"14,6";"13,3";"";"";"";"";"";"";"929,4";"929,4";"928,6";"0,7";"157,0";"1,3";"201,60";"0,0"
"01/06/2021";"1200";"16,1";"16,1";"14,6";"96,0";"";"";"15,4";"";"";"930,1";"930,1";"929,4";"0,6";"113,0";"2,1";"481,90";"0,0"
"01/06/2021";"1300";"17,2";"17,5";"16,1";"81,0";"96,0";"81,0";"13,9";"16,0";"13,9";"930,4";"930,5";"930,1";"1,6";"127,0";"3,1";"1190,60";"0,0"
"01/06/2021";"1400";"17,9";"18,1";"17,0";"79,0";"85,0";"77,0";"14,1";"14,6";"13,7";"930,0";"930,4";"930,0";"1,2";"157,0";"3,1";"1096,30";"0,0"
"01/06/2021";"1500";"19,3";"19,8";"17,9";"69,0";"80,0";"69,0";"13,6";"14,7";"13,1";"929,4";"930,0";"929,4";"2,0";"111,0";"3,5";"2176,30";"0,0"
"01/06/2021";"1600";"20,4";"20,5";"19,2";"67,0";"72,0";"66,0";"14,1";"14,6";"13,2";"928,4";"929,4";"928,4";"1,4";"83,0";"3,2";"2314,70";"0,0"
"01/06/2021";"1700";"21,2";"21,3";"20,1";"69,0";"70,0";"64,0";"15,2";"15,4";"13,4";"927,7";"928,4";"927,7";"1,4";"93,0";"3,5";"2003,10";"0,0"
"01/06/2021";"1800";"21,2";"21,5";"20,6";"64,0";"70,0";"63,0";"14,1";"15,3";"13,6";"927,2";"927,7";"927,2";"1,7";"137,0";"3,4";"1292,50";"0,0"
"01/06/2021";"1900";"19,3";"21,4";"19,3";"83,0";"83,0";"63,0";"16,3";"16,4";"14,0";"927,2";"927,2";"927,1";"2,0";"124,0";"4,6";"985,60";"0,0"
"01/06/2021";"2000";"17,1";"19,3";"17,1";"100,0";"100,0";"83,0";"17,0";"17,4";"16,0";"927,3";"927,4";"927,2";"2,4";"126,0";"4,7";"355,30";"0,0"
"01/06/2021";"2100";"16,3";"17,1";"16,2";"100,0";"100,0";"100,0";"16,3";"17,0";"16,2";"927,5";"927,5";"927,3";"1,6";"141,0";"5,3";"25,90";"0,0"
"01/06/2021";"2200";"15,9";"16,3";"15,9";"";"";"";"";"";"";"928,0";"928,0";"927,5";"1,1";"131,0";"3,8";"";"0,0"
"01/06/2021";"2300";"15,8";"16,0";"15,8";"";"";"";"";"";"";"927,6";"928,0";"927,6";"0,5";"110,0";"2,7";"";"0,0"
"02/06/2021";"0000";"15,6";"15,9";"15,5";"";"";"";"";"";"";"928,0";"928,0";"927,6";"0,3";"53,0";"2,1";"";"0,0"
"02/06/2021";"0100";"15,3";"15,6";"15,1";"";"";"";"";"";"";"928,1";"928,1";"927,9";"0,8";"176,0";"1,6";"";"0,0"
"02/06/2021";"0200";"15,3";"15,4";"15,2";"";"";"";"";"";"";"928,1";"928,1";"928,0";"0,6";"85,0";"1,9";"";"0,0"
"02/06/2021";"0300";"15,1";"15,4";"15,1";"";"";"";"";"";"";"928,4";"928,4";"928,1";"0,8";"11,0";"2,0";"";"0,0"
"02/06/2021";"0400";"15,1";"15,3";"15,1";"";"";"";"";"";"";"928,2";"928,4";"928,2";"0,4";"57,0";"1,9";"";"0,0"
"02/06/2021";"0500";"15,2";"15,3";"15,0";"";"";"";"";"";"";"927,7";"928,2";"927,7";"1,0";"355,0";"2,4";"";"0,0"
"02/06/2021";"0600";"15,2";"15,2";"15,0";"";"";"";"";"";"";"927,3";"927,7";"927,3";"1,3";"344,0";"3,3";"";"0,0"
"02/06/2021";"0700";"14,9";"15,2";"14,9";"";"";"";"";"";"";"927,4";"927,5";"927,1";"0,6";"343,0";"2,6";"";"0,0"
"02/06/2021";"0800";"14,7";"15,0";"14,6";"";"";"";"";"";"";"927,4";"927,4";"927,3";"1,0";"354,0";"2,8";"";"0,0"
"02/06/2021";"0900";"14,5";"14,7";"14,1";"";"";"";"";"";"";"927,9";"927,9";"927,4";"0,8";"348,0";"2,4";"";"0,0"
"02/06/2021";"1000";"14,5";"14,6";"14,4";"";"";"";"";"";"";"928,3";"928,3";"927,9";"1,0";"334,0";"2,9";"3,80";"0,0"
"02/06/2021";"1100";"15,0";"15,0";"14,5";"100,0";"";"";"15,0";"";"";"928,8";"928,8";"928,3";"1,5";"336,0";"3,3";"231,80";"0,0"
"02/06/2021";"1200";"16,9";"17,0";"15,0";"84,0";"100,0";"83,0";"14,2";"15,9";"13,9";"929,3";"929,3";"928,8";"1,8";"343,0";"3,7";"838,40";"0,0"
"02/06/2021";"1300";"19,8";"20,2";"16,9";"68,0";"84,0";"67,0";"13,8";"15,0";"13,8";"929,7";"929,7";"929,3";"2,0";"332,0";"4,0";"1592,20";"0,0"
"02/06/2021";"1400";"22,3";"22,7";"19,8";"59,0";"70,0";"58,0";"13,9";"14,6";"13,5";"929,5";"929,8";"929,5";"1,8";"330,0";"5,5";"2080,00";"0,0"
"02/06/2021";"1500";"23,9";"24,8";"22,1";"52,0";"61,0";"49,0";"13,5";"14,9";"13,1";"928,8";"929,5";"928,8";"2,3";"321,0";"6,4";"2302,10";"0,0"
"02/06/2021";"1600";"25,4";"25,9";"23,8";"48,0";"53,0";"46,0";"13,7";"14,9";"12,7";"927,7";"928,8";"927,7";"2,0";"324,0";"7,4";"2319,30";"0,0"
"02/06/2021";"1700";"26,9";"26,9";"25,3";"40,0";"51,0";"40,0";"12,2";"14,7";"12,0";"927,1";"927,7";"927,0";"1,5";"294,0";"6,5";"2108,00";"0,0"
"02/06/2021";"1800";"26,8";"27,1";"25,9";"42,0";"48,0";"39,0";"12,7";"14,0";"12,1";"926,9";"927,1";"926,9";"1,3";"289,0";"5,7";"1702,60";"0,0"
"02/06/2021";"1900";"24,4";"26,8";"24,3";"54,0";"54,0";"41,0";"14,4";"14,8";"11,9";"927,2";"927,2";"926,9";"1,2";"287,0";"5,1";"962,70";"0,0"
"02/06/2021";"2000";"22,9";"25,7";"22,9";"54,0";"54,0";"46,0";"13,0";"14,4";"12,7";"927,8";"927,8";"927,2";"0,9";"280,0";"4,5";"341,10";"0,0"
"02/06/2021";"2100";"20,6";"23,0";"20,6";"62,0";"63,0";"52,0";"13,1";"13,2";"12,7";"928,5";"928,5";"927,8";"0,3";"275,0";"3,3";"23,30";"0,0"
"02/06/2021";"2200";"20,5";"20,6";"20,2";"63,0";"64,0";"62,0";"13,2";"13,3";"13,1";"928,9";"928,9";"928,5";"0,1";"236,0";"1,4";"";"0,0"
"02/06/2021";"2300";"19,2";"20,6";"19,2";"72,0";"72,0";"63,0";"14,0";"14,1";"13,3";"929,6";"929,6";"928,9";"0,2";"288,0";"1,0";"";"0,0"
"03/06/2021";"0000";"18,2";"19,4";"18,2";"75,0";"77,0";"70,0";"13,7";"14,2";"13,7";"929,8";"929,8";"929,6";"0,1";"135,0";"0,9";"";"0,0"
"03/06/2021";"0100";"18,1";"18,3";"17,3";"80,0";"80,0";"75,0";"14,7";"14,7";"13,6";"930,1";"930,1";"929,8";"0,5";"312,0";"1,1";"";"0,0"
"03/06/2021";"0200";"16,9";"18,1";"16,9";"85,0";"90,0";"80,0";"14,4";"15,3";"14,4";"930,3";"930,4";"930,1";"0,4";"355,0";"1,6";"";"0,0"
"03/06/2021";"0300";"16,0";"16,9";"16,0";"100,0";"100,0";"85,0";"16,0";"16,0";"14,4";"930,0";"930,3";"930,0";"0,7";"198,0";"1,6";"";"0,0"
"03/06/2021";"0400";"16,2";"16,5";"16,0";"100,0";"100,0";"96,0";"16,2";"16,4";"15,8";"929,5";"930,0";"929,4";"1,0";"310,0";"2,1";"";"0,0"
"03/06/2021";"0500";"16,0";"16,6";"16,0";"100,0";"100,0";"99,0";"16,0";"16,5";"16,0";"929,3";"929,6";"929,3";"0,7";"307,0";"2,2";"";"0,0"
"03/06/2021";"0600";"15,6";"16,5";"15,6";"100,0";"100,0";"96,0";"15,6";"16,3";"15,6";"929,1";"929,3";"929,1";"0,7";"301,0";"1,7";"";"0,0"
"03/06/2021";"0700";"15,2";"15,7";"15,1";"100,0";"100,0";"100,0";"15,2";"15,7";"15,1";"929,0";"929,1";"928,9";"0,7";"315,0";"1,7";"";"0,0"
"03/06/2021";"0800";"15,0";"15,3";"14,9";"100,0";"100,0";"100,0";"15,0";"15,3";"14,9";"929,4";"929,4";"929,0";"0,5";"307,0";"1,7";"";"0,0"
"03/06/2021";"0900";"15,0";"15,1";"14,8";"100,0";"100,0";"100,0";"15,0";"15,1";"14,8";"930,1";"930,1";"929,4";"0,5";"309,0";"1,5";"";"0,0"
"03/06/2021";"1000";"14,8";"15,1";"14,7";"100,0";"100,0";"100,0";"14,7";"15,1";"14,7";"930,8";"930,8";"930,1";"0,3";"87,0";"1,1";"3,60";"0,0"
"03/06/2021";"1100";"16,9";"16,9";"14,7";"85,0";"100,0";"85,0";"14,4";"16,0";"14,4";"931,5";"931,5";"930,8";"1,1";"337,0";"2,1";"225,90";"0,0"
"03/06/2021";"1200";"19,7";"19,9";"16,9";"71,0";"85,0";"70,0";"14,2";"14,8";"13,9";"932,1";"932,2";"931,5";"1,1";"334,0";"2,5";"933,20";"0,0"
"03/06/2021";"1300";"22,3";"22,3";"19,6";"62,0";"71,0";"61,0";"14,6";"15,3";"14,0";"932,4";"932,4";"932,1";"1,4";"338,0";"2,9";"1520,50";"0,0"
"03/06/2021";"1400";"24,2";"24,4";"22,2";"59,0";"63,0";"56,0";"15,8";"16,3";"14,1";"932,1";"932,4";"932,1";"1,4";"43,0";"3,4";"1964,70";"0,0"
"03/06/2021";"1500";"25,1";"25,1";"23,8";"55,0";"63,0";"54,0";"15,6";"16,9";"14,7";"931,5";"932,1";"931,5";"1,1";"284,0";"3,5";"2211,00";"0,0"
"03/06/2021";"1600";"25,9";"26,2";"24,9";"48,0";"57,0";"47,0";"14,2";"16,1";"13,9";"930,8";"931,5";"930,8";"1,2";"241,0";"3,0";"2177,00";"0,0"
"03/06/2021";"1700";"23,9";"26,9";"23,6";"67,0";"68,0";"46,0";"17,3";"17,6";"13,7";"930,4";"930,8";"930,4";"2,3";"163,0";"5,1";"1604,50";"0,0"
"03/06/2021";"1800";"21,9";"24,2";"21,7";"84,0";"84,0";"67,0";"19,1";"19,3";"17,8";"930,4";"930,4";"930,4";"2,7";"123,0";"6,3";"1545,50";"0,0"
"03/06/2021";"1900";"20,0";"22,2";"20,0";"94,0";"94,0";"81,0";"18,9";"19,2";"18,4";"930,5";"930,6";"930,3";"3,1";"129,0";"6,4";"874,20";"0,0"
"03/06/2021";"2000";"18,9";"20,0";"18,9";"100,0";"100,0";"93,0";"18,9";"19,7";"18,7";"931,1";"931,1";"930,5";"2,4";"132,0";"6,9";"165,70";"0,0"
"03/06/2021";"2100";"18,3";"19,0";"18,3";"100,0";"100,0";"100,0";"18,3";"18,9";"18,3";"931,7";"931,7";"931,1";"2,9";"124,0";"6,5";"18,40";"0,0"
"03/06/2021";"2200";"17,6";"18,3";"17,6";"100,0";"100,0";"100,0";"17,6";"18,3";"17,6";"932,3";"932,3";"931,7";"2,1";"122,0";"6,5";"";"0,0"
"03/06/2021";"2300";"17,0";"17,7";"17,0";"100,0";"100,0";"99,0";"17,0";"17,6";"17,0";"932,7";"932,7";"932,3";"1,8";"116,0";"4,6";"";"0,0"
"04/06/2021";"0000";"16,5";"17,1";"16,4";"100,0";"100,0";"100,0";"16,5";"17,1";"16,4";"933,1";"933,1";"932,7";"0,9";"104,0";"4,4";"";"0,0"
"04/06/2021";"0100";"16,6";"16,8";"16,4";"100,0";"100,0";"100,0";"16,6";"16,8";"16,4";"933,5";"933,5";"933,1";"1,9";"166,0";"4,0";"";"0,0"
"04/06/2021";"0200";"16,3";"16,6";"15,9";"";"100,0";"100,0";"";"16,6";"15,9";"933,5";"933,6";"933,5";"2,3";"118,0";"5,3";"";"0,0"
"04/06/2021";"0300";"16,6";"16,7";"16,3";"";"";"";"";"";"";"933,5";"933,6";"933,5";"2,0";"139,0";"5,3";"";"0,0"
"04/06/2021";"0400";"16,5";"16,6";"16,3";"";"";"";"";"";"";"933,4";"933,5";"933,3";"1,4";"123,0";"4,9";"";"0,0"
"04/06/2021";"0500";"16,8";"16,8";"16,5";"100,0";"100,0";"100,0";"16,8";"16,8";"16,5";"933,0";"933,4";"933,0";"1,9";"110,0";"4,2";"";"0,0"
"04/06/2021";"0600";"16,9";"16,9";"16,8";"100,0";"100,0";"100,0";"16,9";"16,9";"16,8";"932,6";"933,0";"932,6";"1,8";"116,0";"3,7";"";"0,0"
"04/06/2021";"0700";"17,1";"17,1";"16,9";"100,0";"100,0";"100,0";"17,1";"17,1";"16,9";"932,5";"932,6";"932,5";"1,4";"109,0";"4,0";"";"0,0"
"04/06/2021";"0800";"17,2";"17,2";"17,0";"100,0";"100,0";"100,0";"17,2";"17,2";"17,0";"932,7";"932,7";"932,5";"1,3";"109,0";"2,9";"";"0,0"
"04/06/2021";"0900";"17,1";"17,3";"17,1";"100,0";"100,0";"100,0";"17,1";"17,3";"17,1";"933,1";"933,1";"932,7";"1,1";"116,0";"3,4";"";"0,0"
"04/06/2021";"1000";"16,6";"17,2";"16,5";"100,0";"100,0";"100,0";"16,6";"17,2";"16,5";"933,7";"933,7";"933,1";"1,0";"87,0";"3,6";"2,30";"0,0"
"04/06/2021";"1100";"17,8";"17,8";"16,5";"100,0";"100,0";"100,0";"17,8";"17,8";"16,5";"934,3";"934,3";"933,7";"1,2";"82,0";"2,4";"201,60";"0,0"
"04/06/2021";"1200";"19,2";"19,3";"17,8";"83,0";"100,0";"81,0";"16,2";"17,8";"15,8";"934,7";"934,7";"934,3";"1,6";"69,0";"4,9";"858,10";"0,0"
"04/06/2021";"1300";"20,6";"20,9";"19,2";"77,0";"83,0";"74,0";"16,4";"16,7";"15,8";"935,0";"935,0";"934,7";"1,8";"89,0";"3,4";"1490,50";"0,0"
"04/06/2021";"1400";"21,3";"21,6";"20,5";"71,0";"77,0";"70,0";"15,9";"16,5";"15,4";"934,5";"935,0";"934,5";"2,3";"87,0";"6,6";"1996,60";"0,0"
"04/06/2021";"1500";"22,9";"23,1";"21,3";"66,0";"73,0";"65,0";"16,2";"16,8";"15,6";"933,8";"934,5";"933,7";"1,9";"88,0";"5,0";"2256,30";"0,0"
"04/06/2021";"1600";"23,9";"24,4";"22,9";"60,0";"67,0";"59,0";"15,8";"16,8";"15,7";"932,9";"933,7";"932,9";"1,7";"102,0";"4,4";"2273,60";"0,0"
"04/06/2021";"1700";"24,8";"25,4";"23,9";"55,0";"62,0";"55,0";"15,2";"16,8";"15,2";"932,2";"932,9";"932,2";"1,2";"119,0";"3,6";"2027,00";"0,0"
"04/06/2021";"1800";"24,3";"26,0";"24,3";"64,0";"64,0";"53,0";"17,1";"17,3";"14,9";"931,8";"932,2";"931,8";"1,4";"132,0";"2,9";"1434,00";"0,0"
"04/06/2021";"1900";"22,6";"24,4";"22,6";"76,0";"76,0";"63,0";"18,3";"18,5";"16,9";"931,5";"931,8";"931,4";"2,7";"159,0";"5,0";"1015,70";"0,0"
"04/06/2021";"2000";"21,1";"22,7";"21,1";"86,0";"86,0";"76,0";"18,8";"18,8";"18,3";"931,6";"931,6";"931,5";"2,0";"166,0";"5,1";"353,40";"0,0"
"04/06/2021";"2100";"19,6";"21,1";"19,6";"100,0";"100,0";"86,0";"19,6";"19,9";"18,5";"931,7";"931,7";"931,5";"2,6";"162,0";"4,0";"19,40";"0,0"
"04/06/2021";"2200";"18,2";"19,7";"18,2";"";"";"";"";"";"";"932,2";"932,2";"931,7";"2,2";"151,0";"4,2";"";"0,0"
"04/06/2021";"2300";"18,0";"18,2";"17,9";"";"";"";"";"";"";"932,4";"932,4";"932,1";"2,7";"142,0";"4,4";"";"0,0"
"05/06/2021";"0000";"17,8";"18,0";"17,7";"";"";"";"";"";"";"932,7";"932,7";"932,4";"2,6";"157,0";"4,7";"";"0,0"
"05/06/2021";"0100";"17,6";"17,8";"17,4";"";"";"";"";"";"";"932,7";"932,7";"932,5";"1,5";"152,0";"4,5";"";"0,0"
"05/06/2021";"0200";"17,2";"17,6";"17,1";"";"";"";"";"";"";"932,7";"932,8";"932,6";"0,9";"149,0";"2,5";"";"0,0"
"05/06/2021";"0300";"16,7";"17,3";"16,7";"";"";"";"";"";"";"932,3";"932,7";"932,3";"0,6";"168,0";"1,5";"";"0,0"
"05/06/2021";"0400";"17,4";"17,4";"16,6";"";"";"";"";"";"";"932,1";"932,4";"932,1";"0,9";"19,0";"1,7";"";"0,0"
"05/06/2021";"0500";"18,1";"18,1";"17,4";"92,0";"100,0";"92,0";"16,7";"18,1";"16,7";"931,8";"932,1";"931,8";"0,8";"13,0";"4,0";"";"0,0"
"05/06/2021";"0600";"18,1";"18,2";"17,8";"91,0";"95,0";"90,0";"16,7";"17,0";"16,5";"931,6";"931,8";"931,6";"1,4";"2,0";"3,7";"";"0,0"
"05/06/2021";"0700";"17,9";"18,2";"17,8";"94,0";"94,0";"91,0";"16,9";"17,0";"16,5";"931,3";"931,6";"931,2";"1,4";"8,0";"3,7";"";"0,0"
"05/06/2021";"0800";"17,3";"18,0";"17,2";"100,0";"100,0";"93,0";"17,3";"17,4";"16,6";"931,3";"931,3";"931,2";"1,1";"17,0";"3,0";"";"0,0"
"05/06/2021";"0900";"16,7";"17,3";"16,7";"100,0";"100,0";"100,0";"16,7";"17,3";"16,7";"931,6";"931,6";"931,3";"1,4";"9,0";"3,6";"";"0,0"
"05/06/2021";"1000";"16,5";"17,0";"16,5";"100,0";"100,0";"100,0";"16,5";"17,0";"16,5";"932,2";"932,2";"931,6";"1,2";"31,0";"3,8";"2,40";"0,0"
"05/06/2021";"1100";"17,9";"17,9";"16,3";"90,0";"100,0";"90,0";"16,2";"17,4";"16,0";"932,9";"932,9";"932,2";"0,7";"20,0";"2,8";"228,10";"0,0"
"05/06/2021";"1200";"19,6";"19,6";"17,9";"79,0";"90,0";"79,0";"15,9";"16,4";"15,5";"933,6";"933,6";"932,9";"1,1";"18,0";"3,7";"978,00";"0,0"
"05/06/2021";"1300";"20,9";"21,2";"19,5";"68,0";"82,0";"68,0";"14,8";"16,6";"14,8";"933,6";"933,7";"933,6";"1,8";"15,0";"4,6";"1599,60";"0,0"
"05/06/2021";"1400";"22,4";"22,6";"20,7";"61,0";"70,0";"61,0";"14,5";"15,8";"14,4";"933,1";"933,6";"933,1";"2,1";"28,0";"5,3";"2054,40";"0,0"
"05/06/2021";"1500";"23,7";"23,8";"22,4";"56,0";"63,0";"54,0";"14,5";"15,5";"13,7";"932,0";"933,1";"932,0";"2,3";"36,0";"5,6";"2309,80";"0,0"
"05/06/2021";"1600";"25,4";"25,6";"23,7";"49,0";"58,0";"48,0";"13,9";"15,2";"13,6";"930,6";"932,0";"930,6";"1,0";"31,0";"6,1";"2318,60";"0,0"
"05/06/2021";"1700";"25,8";"26,4";"25,1";"44,0";"51,0";"42,0";"12,5";"14,7";"12,3";"929,8";"930,6";"929,8";"2,0";"335,0";"5,0";"2085,90";"0,0"
"05/06/2021";"1800";"25,9";"26,9";"25,2";"38,0";"47,0";"38,0";"10,4";"13,6";"10,4";"929,5";"929,8";"929,4";"1,4";"331,0";"5,0";"1693,80";"0,0"
"05/06/2021";"1900";"25,9";"26,4";"25,5";"44,0";"47,0";"38,0";"12,5";"13,6";"10,8";"929,4";"929,5";"929,4";"0,9";"344,0";"5,0";"1083,30";"0,0"
"05/06/2021";"2000";"22,8";"25,9";"22,8";"50,0";"50,0";"43,0";"11,8";"13,8";"11,1";"929,7";"929,7";"929,4";"0,8";"309,0";"3,6";"349,40";"0,0"
"05/06/2021";"2100";"22,1";"23,0";"21,8";"55,0";"56,0";"49,0";"12,7";"12,7";"11,5";"929,9";"929,9";"929,7";"0,6";"246,0";"3,0";"22,70";"0,0"
"05/06/2021";"2200";"19,7";"22,2";"19,6";"68,0";"68,0";"55,0";"13,6";"13,6";"12,7";"930,2";"930,2";"929,9";"0,4";"105,0";"1,4";"";"0,0"
"05/06/2021";"2300";"18,6";"19,7";"18,4";"82,0";"82,0";"68,0";"15,4";"15,4";"13,7";"930,5";"930,5";"930,2";"0,5";"145,0";"1,4";"";"0,0"
"06/06/2021";"0000";"17,6";"18,6";"17,6";"100,0";"100,0";"82,0";"17,6";"17,7";"15,5";"930,6";"930,7";"930,5";"0,6";"194,0";"1,9";"";"0,0"
"06/06/2021";"0100";"18,2";"18,3";"17,4";"86,0";"100,0";"85,0";"15,8";"17,8";"15,6";"930,8";"930,8";"930,6";"0,3";"260,0";"1,0";"";"0,0"
"06/06/2021";"0200";"17,4";"18,5";"17,4";"88,0";"88,0";"83,0";"15,4";"16,0";"15,2";"931,0";"931,0";"930,8";"0,4";"311,0";"1,1";"";"0,0"
"06/06/2021";"0300";"16,9";"17,5";"16,9";"100,0";"100,0";"88,0";"16,9";"17,3";"15,5";"930,6";"931,0";"930,6";"0,8";"30,0";"1,5";"";"0,0"
"06/06/2021";"0400";"17,4";"18,4";"16,8";"94,0";"100,0";"81,0";"16,4";"17,8";"15,1";"930,6";"930,7";"930,2";"0,6";"250,0";"2,8";"";"0,0"
"06/06/2021";"0500";"16,7";"17,3";"16,5";"100,0";"100,0";"94,0";"16,7";"16,8";"16,2";"930,4";"930,6";"930,4";"0,9";"324,0";"1,4";"";"0,0"
"06/06/2021";"0600";"16,4";"16,8";"16,4";"100,0";"100,0";"100,0";"16,4";"16,8";"16,4";"929,9";"930,4";"929,9";"0,3";"201,0";"1,3";"";"0,0"
"06/06/2021";"0700";"16,0";"16,4";"15,9";"100,0";"100,0";"100,0";"16,0";"16,4";"15,9";"929,1";"929,9";"929,1";"0,3";"116,0";"1,0";"";"0,0"
"06/06/2021";"0800";"16,0";"16,1";"15,6";"";"";"";"";"";"";"928,8";"929,1";"928,8";"0,4";"60,0";"0,8";"";"0,0"
"06/06/2021";"0900";"17,0";"17,2";"15,9";"97,0";"100,0";"91,0";"16,4";"16,8";"15,7";"929,3";"929,3";"928,8";"0,8";"318,0";"1,5";"";"0,0"
"06/06/2021";"1000";"17,5";"17,5";"16,9";"80,0";"100,0";"80,0";"14,0";"16,9";"14,0";"929,8";"929,8";"929,3";"1,1";"4,0";"2,3";"5,10";"0,0"
"06/06/2021";"1100";"17,4";"17,7";"17,3";"82,0";"82,0";"79,0";"14,2";"14,2";"13,9";"930,5";"930,5";"929,8";"1,3";"13,0";"2,8";"139,60";"0,0"
"06/06/2021";"1200";"18,5";"18,5";"17,4";"78,0";"82,0";"77,0";"14,6";"14,8";"14,1";"930,9";"930,9";"930,4";"1,2";"5,0";"2,9";"414,60";"0,0"
"06/06/2021";"1300";"19,9";"20,4";"18,5";"70,0";"79,0";"68,0";"14,2";"15,5";"14,1";"931,0";"931,1";"930,9";"1,4";"356,0";"3,1";"755,80";"0,0"
"06/06/2021";"1400";"21,0";"21,0";"19,9";"67,0";"73,0";"65,0";"14,5";"15,4";"14,0";"930,8";"931,0";"930,8";"1,0";"359,0";"2,9";"840,30";"0,0"
"06/06/2021";"1500";"22,7";"22,7";"21,0";"68,0";"70,0";"62,0";"16,5";"16,6";"14,3";"930,3";"930,8";"930,3";"0,9";"5,0";"2,9";"989,50";"0,0"
"06/06/2021";"1600";"26,5";"26,5";"22,5";"51,0";"68,0";"50,0";"15,5";"16,9";"14,8";"929,3";"930,3";"929,3";"1,8";"339,0";"4,6";"2139,90";"0,0"
"06/06/2021";"1700";"24,9";"27,4";"24,9";"53,0";"54,0";"44,0";"14,7";"15,8";"13,5";"928,5";"929,3";"928,5";"1,8";"339,0";"5,0";"1892,10";"0,0"
"06/06/2021";"1800";"25,8";"25,8";"24,0";"49,0";"63,0";"49,0";"14,2";"16,3";"13,5";"928,2";"928,5";"928,2";"1,1";"263,0";"4,8";"529,60";"0,0"
"06/06/2021";"1900";"24,5";"27,0";"24,4";"58,0";"59,0";"42,0";"15,7";"15,9";"12,5";"928,0";"928,3";"928,0";"1,2";"108,0";"4,8";"1098,50";"0,0"
"06/06/2021";"2000";"20,4";"24,8";"20,4";"93,0";"93,0";"55,0";"19,3";"19,8";"14,8";"928,2";"928,2";"927,8";"2,8";"140,0";"6,3";"327,90";"0,0"
"06/06/2021";"2100";"18,8";"20,3";"18,8";"100,0";"100,0";"94,0";"18,8";"20,0";"18,8";"928,9";"928,9";"928,2";"2,7";"122,0";"6,3";"14,90";"0,0"
"06/06/2021";"2200";"18,6";"18,8";"18,6";"100,0";"100,0";"100,0";"18,6";"18,8";"18,6";"929,1";"929,3";"928,9";"2,0";"122,0";"6,0";"";"0,0"
"06/06/2021";"2300";"18,4";"18,6";"18,3";"100,0";"100,0";"100,0";"18,3";"18,6";"18,3";"929,6";"929,6";"929,1";"2,0";"117,0";"4,8";"";"0,0"
"07/06/2021";"0000";"18,1";"18,4";"18,1";"100,0";"100,0";"100,0";"18,1";"18,4";"18,1";"929,7";"929,8";"929,5";"2,0";"130,0";"4,7";"";"0,0"
"07/06/2021";"0100";"18,2";"18,2";"18,0";"100,0";"100,0";"100,0";"18,2";"18,2";"18,0";"930,0";"930,1";"929,6";"1,7";"159,0";"4,7";"";"0,0"
"07/06/2021";"0200";"17,4";"18,3";"17,4";"";"";"";"";"";"";"930,1";"930,2";"929,9";"1,8";"174,0";"4,5";"";"0,0"
"07/06/2021";"0300";"17,3";"17,4";"17,2";"";"";"";"";"";"";"929,7";"930,1";"929,7";"2,2";"154,0";"4,5";"";"0,0"
"07/06/2021";"0400";"17,3";"17,4";"17,2";"";"";"";"";"";"";"929,7";"929,8";"929,7";"1,8";"136,0";"4,5";"";"0,0"
"07/06/2021";"0500";"17,3";"17,3";"17,3";"";"";"";"";"";"";"929,6";"929,9";"929,6";"1,5";"162,0";"4,0";"";"0,0"
"07/06/2021";"0600";"17,1";"17,3";"17,0";"";"";"";"";"";"";"929,1";"929,6";"928,8";"2,6";"159,0";"4,7";"";"0,0"
"07/06/2021";"0700";"17,2";"17,2";"17,1";"";"";"";"";"";"";"929,1";"929,2";"928,9";"1,9";"160,0";"4,7";"";"0,0"
"07/06/2021";"0800";"17,3";"17,3";"17,1";"";"";"";"";"";"";"928,9";"929,2";"928,9";"1,2";"156,0";"3,7";"";"0,0"
"07/06/2021";"0900";"17,3";"17,4";"17,2";"";"";"";"";"";"";"929,2";"929,2";"928,7";"1,2";"178,0";"3,4";"";"0,0"
"07/06/2021";"1000";"17,5";"17,5";"17,3";"";"";"";"";"";"";"929,7";"929,7";"929,2";"1,3";"142,0";"2,6";"1,90";"0,0"
"07/06/2021";"1100";"18,0";"18,0";"17,5";"";"";"";"";"";"";"930,0";"930,0";"929,7";"1,8";"118,0";"3,7";"131,30";"0,0"
"07/06/2021";"1200";"18,5";"18,6";"17,8";"100,0";"";"";"18,5";"";"";"930,7";"930,7";"930,0";"1,4";"135,0";"3,7";"305,80";"0,0"
"07/06/2021";"1300";"18,9";"18,9";"18,5";"100,0";"100,0";"97,0";"18,9";"18,9";"18,2";"931,2";"931,2";"930,7";"2,0";"148,0";"4,3";"480,80";"0,0"
"07/06/2021";"1400";"19,5";"19,7";"18,8";"88,0";"100,0";"88,0";"17,4";"18,8";"17,3";"930,8";"931,2";"930,8";"1,9";"135,0";"4,3";"677,10";"0,0"
"07/06/2021";"1500";"19,5";"20,1";"19,3";"83,0";"90,0";"83,0";"16,6";"17,7";"16,6";"930,2";"930,8";"930,2";"2,0";"146,0";"5,0";"881,40";"0,0"
"07/06/2021";"1600";"19,0";"19,6";"18,9";"94,0";"94,0";"83,0";"18,0";"18,3";"16,7";"929,4";"930,2";"929,4";"2,4";"145,0";"4,8";"651,70";"0,0"
"07/06/2021";"1700";"18,8";"19,2";"18,8";"96,0";"97,0";"89,0";"18,1";"18,7";"17,2";"928,9";"929,4";"928,9";"1,9";"159,0";"4,5";"376,30";"0,0"
"07/06/2021";"1800";"17,8";"18,8";"17,7";"";"";"";"";"";"";"928,9";"929,0";"928,7";"1,9";"172,0";"4,4";"154,90";"1,6"
"07/06/2021";"1900";"17,2";"17,8";"17,2";"";"";"";"";"";"";"928,8";"929,1";"928,7";"2,9";"162,0";"4,9";"128,30";"0,4"
"07/06/2021";"2000";"17,1";"17,3";"17,0";"";"";"";"";"";"";"929,4";"929,4";"928,7";"2,8";"164,0";"6,6";"74,80";"0,0"
"07/06/2021";"2100";"16,7";"17,1";"16,7";"";"";"";"";"";"";"929,7";"930,0";"929,2";"1,6";"177,0";"5,8";"10,30";"0,0"
"07/06/2021";"2200";"16,7";"16,7";"16,6";"";"";"";"";"";"";"930,0";"930,0";"929,3";"1,1";"182,0";"4,1";"";"0,0"
"07/06/2021";"2300";"16,6";"16,7";"16,5";"";"";"";"";"";"";"930,4";"930,4";"929,7";"0,9";"195,0";"3,5";"";"0,0"
"08/06/2021";"0000";"16,6";"16,7";"16,5";"";"";"";"";"";"";"930,6";"930,6";"930,3";"0,7";"194,0";"3,6";"";"0,0"
"08/06/2021";"0100";"16,6";"16,8";"16,6";"";"";"";"";"";"";"930,4";"930,6";"930,3";"0,9";"177,0";"3,3";"";"0,0"
"08/06/2021";"0200";"16,3";"16,7";"16,3";"";"";"";"";"";"";"930,4";"930,6";"930,4";"1,4";"194,0";"3,1";"";"0,0"
"08/06/2021";"0300";"16,3";"16,3";"16,2";"";"";"";"";"";"";"930,4";"930,4";"930,2";"0,7";"187,0";"3,5";"";"0,0"
"08/06/2021";"0400";"16,1";"16,4";"16,0";"";"";"";"";"";"";"930,1";"930,5";"930,1";"1,1";"173,0";"4,3";"";"0,0"
"08/06/2021";"0500";"16,2";"16,2";"16,1";"";"";"";"";"";"";"929,7";"930,1";"929,7";"0,6";"201,0";"2,9";"";"0,0"
"08/06/2021";"0600";"15,9";"16,2";"15,9";"";"";"";"";"";"";"929,4";"929,7";"929,4";"1,0";"186,0";"2,9";"";"0,0"
"08/06/2021";"0700";"15,9";"16,0";"15,8";"";"";"";"";"";"";"928,9";"929,4";"928,9";"0,4";"250,0";"2,9";"";"0,0"
"08/06/2021";"0800";"15,9";"16,0";"15,8";"";"";"";"";"";"";"928,6";"929,0";"928,6";"0,5";"253,0";"2,5";"";"0,2"
"08/06/2021";"0900";"16,1";"16,1";"15,8";"";"";"";"";"";"";"928,9";"929,1";"928,6";"1,6";"171,0";"3,7";"";"0,2"
"08/06/2021";"1000";"16,1";"16,2";"16,0";"";"";"";"";"";"";"929,6";"929,6";"928,9";"2,0";"172,0";"3,7";"4,00";"0,2"
"08/06/2021";"1100";"16,4";"16,4";"16,1";"";"";"";"";"";"";"930,2";"930,2";"929,5";"1,4";"169,0";"3,7";"91,80";"0,0"
"08/06/2021";"1200";"17,1";"17,1";"16,4";"";"";"";"";"";"";"930,7";"930,8";"930,2";"1,8";"171,0";"4,3";"264,60";"0,0"
"08/06/2021";"1300";"17,3";"17,5";"17,0";"";"";"";"";"";"";"930,7";"930,8";"930,5";"2,6";"131,0";"5,9";"597,10";"0,8"
"08/06/2021";"1400";"17,8";"18,0";"17,2";"100,0";"";"";"17,8";"";"";"930,6";"931,0";"930,6";"2,3";"146,0";"5,4";"891,90";"0,4"
"08/06/2021";"1500";"17,9";"18,4";"17,4";"";"";"";"";"";"";"930,4";"930,7";"930,4";"2,2";"165,0";"6,4";"1128,50";"0,4"
"08/06/2021";"1600";"18,2";"19,0";"17,9";"100,0";"100,0";"94,0";"18,2";"18,9";"17,6";"929,3";"930,4";"929,3";"3,1";"163,0";"5,8";"963,20";"0,0"
"08/06/2021";"1700";"17,4";"18,3";"17,2";"";"";"";"";"";"";"929,2";"929,3";"928,9";"2,4";"156,0";"5,8";"527,00";"0,2"
"08/06/2021";"1800";"17,1";"17,8";"17,1";"";"";"";"";"";"";"929,0";"929,3";"928,9";"3,2";"167,0";"6,5";"397,50";"0,4"
"08/06/2021";"1900";"17,4";"17,5";"17,0";"";"";"";"";"";"";"929,4";"929,4";"928,7";"1,7";"168,0";"6,5";"264,10";"0,2"
"08/06/2021";"2000";"17,0";"17,5";"17,0";"";"";"";"";"";"";"929,0";"929,5";"928,4";"1,6";"139,0";"4,5";"95,60";"0,0"
"08/06/2021";"2100";"16,8";"17,1";"16,7";"";"";"";"";"";"";"928,9";"929,1";"928,6";"1,5";"111,0";"3,7";"9,40";"0,0"
"08/06/2021";"2200";"16,7";"16,9";"16,7";"";"";"";"";"";"";"929,5";"929,9";"928,7";"2,1";"158,0";"4,5";"";"0,0"
"08/06/2021";"2300";"16,4";"16,7";"16,3";"";"";"";"";"";"";"930,1";"930,3";"929,5";"1,7";"151,0";"4,6";"";"0,0"
"09/06/2021";"0000";"16,2";"16,4";"16,1";"";"";"";"";"";"";"930,7";"930,7";"930,1";"1,6";"164,0";"4,4";"";"0,0"
"09/06/2021";"0100";"16,3";"16,4";"16,1";"";"";"";"";"";"";"930,8";"930,8";"930,4";"0,8";"118,0";"4,8";"";"0,0"
"09/06/2021";"0200";"16,4";"16,5";"16,3";"";"";"";"";"";"";"930,7";"930,9";"930,6";"1,6";"152,0";"3,0";"";"0,0"
"09/06/2021";"0300";"16,5";"16,5";"16,4";"";"";"";"";"";"";"930,6";"930,8";"930,5";"1,2";"149,0";"3,1";"";"0,0"
"09/06/2021";"0400";"16,4";"16,6";"16,4";"";"";"";"";"";"";"930,5";"930,7";"930,4";"0,1";"231,0";"2,3";"";"0,0"
"09/06/2021";"0500";"16,6";"16,6";"16,4";"";"";"";"";"";"";"930,0";"930,6";"930,0";"0,8";"137,0";"2,3";"";"0,0"
"09/06/2021";"0600";"16,3";"16,6";"16,3";"";"";"";"";"";"";"929,7";"930,0";"929,7";"1,0";"163,0";"2,3";"";"0,0"
"09/06/2021";"0700";"16,3";"16,4";"16,3";"";"";"";"";"";"";"929,5";"929,7";"929,5";"1,2";"161,0";"2,6";"";"0,0"
"09/06/2021";"0800";"16,4";"16,5";"16,3";"";"";"";"";"";"";"929,2";"929,5";"929,1";"1,1";"127,0";"2,4";"";"0,0"
"09/06/2021";"0900";"16,5";"16,5";"16,3";"";"";"";"";"";"";"929,8";"929,8";"929,2";"0,7";"121,0";"2,4";"";"0,0"
"09/06/2021";"1000";"16,9";"16,9";"16,5";"100,0";"";"";"16,9";"";"";"930,3";"930,3";"929,8";"0,9";"155,0";"2,6";"1,40";"0,0"
"09/06/2021";"1100";"17,4";"17,4";"16,8";"99,0";"100,0";"99,0";"17,1";"17,3";"16,8";"931,0";"931,0";"930,3";"0,6";"103,0";"2,3";"108,80";"0,0"
"09/06/2021";"1200";"18,2";"18,2";"17,4";"92,0";"100,0";"89,0";"16,9";"17,5";"16,1";"931,5";"931,5";"931,0";"1,2";"99,0";"2,6";"408,20";"0,0"
"09/06/2021";"1300";"19,1";"19,1";"18,2";"84,0";"92,0";"83,0";"16,4";"16,9";"15,7";"931,8";"931,8";"931,5";"1,5";"89,0";"3,3";"629,20";"0,0"
"09/06/2021";"1400";"19,8";"20,0";"19,1";"78,0";"85,0";"77,0";"15,8";"16,8";"15,3";"931,4";"932,0";"931,4";"1,7";"92,0";"3,9";"954,80";"0,0"
"09/06/2021";"1500";"20,2";"20,4";"19,6";"76,0";"81,0";"74,0";"15,9";"16,8";"15,3";"931,0";"931,5";"931,0";"1,2";"82,0";"3,5";"1017,40";"0,0"
"09/06/2021";"1600";"22,2";"22,3";"20,1";"70,0";"78,0";"67,0";"16,4";"16,8";"15,5";"930,1";"931,0";"930,1";"1,5";"57,0";"3,6";"1575,10";"0,0"
"09/06/2021";"1700";"20,8";"22,5";"20,5";"72,0";"74,0";"67,0";"15,6";"16,7";"15,1";"929,2";"930,1";"929,2";"1,7";"79,0";"4,5";"1599,70";"0,0"
"09/06/2021";"1800";"21,1";"21,4";"20,3";"71,0";"76,0";"70,0";"15,7";"16,5";"15,3";"928,7";"929,2";"928,7";"1,8";"104,0";"4,3";"1305,40";"0,0"
"09/06/2021";"1900";"21,1";"21,5";"21,0";"72,0";"73,0";"70,0";"15,9";"16,3";"15,5";"928,6";"928,8";"928,6";"1,5";"113,0";"3,9";"1068,40";"0,2"
"09/06/2021";"2000";"19,7";"21,1";"19,7";"83,0";"83,0";"71,0";"16,7";"16,7";"15,4";"928,8";"928,9";"928,6";"1,5";"126,0";"3,4";"355,20";"0,0"
"09/06/2021";"2100";"17,9";"19,7";"17,9";"100,0";"100,0";"83,0";"17,9";"19,0";"16,8";"929,7";"929,7";"928,8";"1,9";"126,0";"5,5";"22,00";"0,0"
"09/06/2021";"2200";"17,3";"17,9";"17,1";"";"100,0";"100,0";"";"17,9";"17,3";"930,3";"930,3";"929,7";"1,7";"134,0";"5,2";"";"0,0"
"09/06/2021";"2300";"16,8";"17,3";"16,8";"";"";"";"";"";"";"930,4";"930,5";"930,3";"0,9";"136,0";"4,9";"";"0,0"
"10/06/2021";"0000";"17,1";"17,1";"16,8";"";"";"";"";"";"";"930,8";"930,8";"930,4";"2,5";"129,0";"4,3";"";"0,0"
"10/06/2021";"0100";"17,4";"17,4";"17,0";"";"";"";"";"";"";"930,9";"931,0";"930,8";"1,3";"106,0";"4,3";"";"0,0"
"10/06/2021";"0200";"17,6";"17,6";"17,4";"";"";"";"";"";"";"930,6";"930,9";"930,6";"1,6";"132,0";"3,2";"";"0,0"
"10/06/2021";"0300";"17,1";"17,6";"17,0";"";"";"";"";"";"";"930,4";"930,7";"930,4";"1,6";"137,0";"3,1";"";"0,0"
"10/06/2021";"0400";"17,1";"17,3";"17,0";"";"";"";"";"";"";"930,3";"930,5";"930,3";"1,1";"127,0";"4,7";"";"0,0"
"10/06/2021";"0500";"17,2";"17,3";"17,1";"";"";"";"";"";"";"930,0";"930,5";"930,0";"1,0";"135,0";"2,2";"";"0,0"
"10/06/2021";"0600";"17,1";"17,2";"17,1";"";"";"";"";"";"";"929,4";"930,2";"929,4";"0,9";"113,0";"2,3";"";"0,0"
"10/06/2021";"0700";"17,7";"17,7";"17,1";"100,0";"";"";"17,7";"";"";"929,2";"929,4";"929,0";"1,4";"50,0";"3,5";"";"0,0"
"10/06/2021";"0800";"18,1";"18,1";"17,7";"95,0";"100,0";"94,0";"17,2";"18,0";"17,1";"929,1";"929,2";"929,0";"1,8";"53,0";"4,8";"";"0,0"
"10/06/2021";"0900";"17,9";"18,1";"17,9";"99,0";"100,0";"93,0";"17,8";"17,9";"17,0";"929,3";"929,4";"928,9";"1,9";"39,0";"5,7";"";"0,0"
"10/06/2021";"1000";"17,4";"18,0";"17,4";"100,0";"100,0";"95,0";"17,4";"17,7";"16,9";"929,4";"929,4";"929,3";"1,3";"44,0";"5,4";"5,10";"0,0"
"10/06/2021";"1100";"18,0";"18,0";"17,4";"94,0";"100,0";"94,0";"17,0";"17,5";"16,9";"929,7";"929,8";"929,3";"1,5";"58,0";"5,2";"155,70";"0,0"
"10/06/2021";"1200";"18,1";"18,3";"18,0";"93,0";"95,0";"90,0";"16,9";"17,1";"16,6";"930,4";"930,5";"929,7";"1,8";"11,0";"5,4";"315,60";"0,0"
"10/06/2021";"1300";"18,8";"18,8";"18,1";"88,0";"93,0";"87,0";"16,8";"17,1";"16,4";"930,5";"930,5";"930,4";"1,8";"52,0";"5,7";"486,50";"0,0"
"10/06/2021";"1400";"19,4";"19,5";"18,7";"84,0";"89,0";"83,0";"16,7";"17,1";"16,3";"930,1";"930,6";"930,1";"1,5";"42,0";"4,5";"754,30";"0,0"
"10/06/2021";"1500";"19,6";"19,9";"19,4";"83,0";"85,0";"81,0";"16,5";"17,1";"16,4";"929,7";"930,1";"929,7";"0,9";"64,0";"4,6";"645,10";"0,0"
"10/06/2021";"1600";"19,9";"20,0";"19,6";"82,0";"85,0";"81,0";"16,7";"17,2";"16,5";"929,2";"929,7";"929,2";"0,7";"31,0";"2,4";"377,80";"0,0"
"10/06/2021";"1700";"20,3";"20,4";"19,9";"83,0";"86,0";"80,0";"17,3";"17,9";"16,5";"928,9";"929,2";"928,9";"0,5";"276,0";"1,6";"364,60";"0,0"
"10/06/2021";"1800";"20,2";"20,5";"20,0";"91,0";"92,0";"81,0";"18,6";"18,8";"17,1";"928,5";"928,9";"928,5";"0,6";"278,0";"3,1";"332,30";"0,0"
"10/06/2021";"1900";"19,0";"20,2";"19,0";"100,0";"100,0";"86,0";"19,0";"19,2";"17,5";"928,4";"928,5";"928,3";"1,2";"310,0";"4,5";"198,40";"0,0"
"10/06/2021";"2000";"18,2";"19,0";"18,2";"100,0";"100,0";"99,0";"18,2";"19,0";"18,2";"928,5";"928,6";"928,4";"1,1";"309,0";"4,6";"75,50";"0,0"
"10/06/2021";"2100";"17,4";"18,2";"17,4";"";"";"";"";"";"";"928,5";"928,6";"928,4";"1,4";"325,0";"4,7";"2,80";"0,2"
"10/06/2021";"2200";"17,4";"17,4";"17,2";"";"";"";"";"";"";"928,4";"928,6";"928,4";"1,5";"355,0";"3,6";"";"0,2"
"10/06/2021";"2300";"17,2";"17,4";"17,2";"";"";"";"";"";"";"928,3";"928,5";"928,1";"0,8";"341,0";"3,0";"";"0,2"
"11/06/2021";"0000";"17,3";"17,4";"17,2";"";"";"";"";"";"";"928,2";"928,3";"927,8";"0,8";"295,0";"2,9";"";"0,0"
"11/06/2021";"0100";"17,3";"17,4";"17,2";"";"";"";"";"";"";"928,5";"928,6";"928,2";"1,9";"332,0";"4,6";"";"0,4"
"11/06/2021";"0200";"17,2";"17,3";"17,2";"";"";"";"";"";"";"927,8";"928,6";"927,8";"2,1";"7,0";"4,7";"";"0,4"
"11/06/2021";"0300";"17,1";"17,4";"17,0";"";"";"";"";"";"";"928,5";"928,8";"927,6";"1,1";"290,0";"5,8";"";"0,2"
"11/06/2021";"0400";"16,6";"17,1";"16,5";"";"";"";"";"";"";"928,2";"928,5";"927,8";"0,9";"295,0";"3,7";"";"0,0"
"11/06/2021";"0500";"16,4";"16,7";"16,4";"";"";"";"";"";"";"927,5";"928,2";"927,5";"0,5";"279,0";"4,8";"";"0,0"
"11/06/2021";"0600";"16,5";"16,6";"16,2";"";"";"";"";"";"";"926,9";"927,5";"926,8";"0,8";"278,0";"3,9";"";"0,0"
"11/06/2021";"0700";"16,0";"16,5";"16,0";"";"";"";"";"";"";"926,9";"926,9";"926,6";"1,4";"297,0";"3,8";"";"0,0"
"11/06/2021";"0800";"15,9";"16,1";"15,9";"";"";"";"";"";"";"926,9";"927,1";"926,6";"0,5";"250,0";"5,6";"";"0,0"
"11/06/2021";"0900";"15,6";"16,0";"15,5";"";"";"";"";"";"";"927,3";"927,3";"926,6";"0,5";"275,0";"2,4";"";"0,0"
"11/06/2021";"1000";"16,3";"16,3";"15,5";"";"";"";"";"";"";"928,1";"928,2";"927,3";"1,0";"288,0";"3,3";"1,70";"0,2"
"11/06/2021";"1100";"17,0";"17,1";"16,1";"";"";"";"";"";"";"928,7";"928,7";"927,7";"0,6";"277,0";"3,3";"178,30";"0,0"
"11/06/2021";"1200";"17,8";"17,9";"17,0";"100,0";"100,0";"100,0";"17,8";"17,9";"17,0";"929,8";"929,8";"928,7";"0,3";"272,0";"2,6";"246,50";"0,0"
"11/06/2021";"1300";"17,6";"18,3";"17,6";"93,0";"100,0";"90,0";"16,4";"18,0";"16,2";"930,2";"930,3";"929,8";"1,7";"238,0";"4,5";"366,20";"0,0"
"11/06/2021";"1400";"17,3";"17,6";"16,4";"96,0";"100,0";"93,0";"16,6";"17,3";"16,4";"930,2";"930,4";"930,2";"1,8";"156,0";"5,5";"458,30";"0,0"
"11/06/2021";"1500";"16,3";"18,0";"16,3";"100,0";"100,0";"89,0";"16,3";"17,1";"15,9";"930,1";"930,3";"930,0";"2,4";"185,0";"5,6";"646,40";"0,0"
"11/06/2021";"1600";"17,3";"17,3";"16,3";"91,0";"100,0";"91,0";"15,8";"17,1";"15,6";"929,6";"930,1";"929,5";"3,0";"158,0";"6,3";"693,20";"0,0"
"11/06/2021";"1700";"16,8";"17,4";"15,7";"90,0";"100,0";"89,0";"15,2";"16,5";"15,2";"929,1";"929,6";"929,1";"2,8";"153,0";"6,6";"759,10";"0,0"
"11/06/2021";"1800";"16,5";"17,1";"16,3";"94,0";"96,0";"88,0";"15,5";"15,9";"14,8";"929,0";"929,2";"929,0";"1,9";"174,0";"5,4";"462,70";"0,0"
"11/06/2021";"1900";"16,5";"16,9";"16,4";"93,0";"98,0";"89,0";"15,4";"16,4";"14,9";"928,8";"929,0";"928,7";"1,7";"162,0";"3,8";"395,70";"0,0"
"11/06/2021";"2000";"15,8";"16,6";"15,8";"100,0";"100,0";"93,0";"15,8";"16,4";"15,4";"928,7";"928,9";"928,5";"2,0";"145,0";"4,1";"153,40";"0,0"
"11/06/2021";"2100";"15,0";"15,8";"15,0";"";"";"";"";"";"";"929,2";"929,2";"928,6";"1,9";"139,0";"4,5";"5,70";"0,0"
"11/06/2021";"2200";"14,9";"15,0";"14,6";"100,0";"";"";"14,9";"";"";"929,5";"929,5";"929,2";"1,9";"155,0";"4,6";"";"0,0"
"11/06/2021";"2300";"15,1";"15,2";"14,9";"100,0";"100,0";"95,0";"15,1";"15,2";"14,3";"930,0";"930,1";"929,4";"1,5";"146,0";"4,3";"";"0,0"
"12/06/2021";"0000";"15,1";"15,2";"14,9";"100,0";"100,0";"100,0";"15,1";"15,2";"14,9";"930,4";"930,4";"930,0";"1,2";"146,0";"3,0";"";"0,0"
"12/06/2021";"0100";"13,9";"15,2";"13,9";"";"100,0";"94,0";"";"15,2";"13,6";"930,6";"930,6";"930,3";"0,5";"139,0";"2,4";"";"0,0"
"12/06/2021";"0200";"13,5";"14,0";"13,4";"";"";"";"";"";"";"930,6";"930,6";"930,5";"0,5";"165,0";"1,1";"";"0,0"
"12/06/2021";"0300";"13,4";"13,8";"13,2";"";"";"";"";"";"";"930,5";"930,7";"930,3";"0,6";"153,0";"1,2";"";"0,0"
"12/06/2021";"0400";"13,4";"13,7";"13,2";"";"";"";"";"";"";"930,3";"930,6";"930,2";"0,7";"145,0";"1,7";"";"0,0"
"12/06/2021";"0500";"12,9";"13,5";"12,9";"";"";"";"";"";"";"929,8";"930,3";"929,8";"0,2";"94,0";"1,5";"";"0,0"
"12/06/2021";"0600";"12,9";"13,2";"12,7";"";"";"";"";"";"";"929,2";"929,8";"929,2";"0,2";"292,0";"1,3";"";"0,0"
"12/06/2021";"0700";"12,8";"13,1";"12,5";"";"";"";"";"";"";"928,9";"929,2";"928,9";"0,6";"273,0";"1,6";"";"0,0"
"12/06/2021";"0800";"12,2";"12,9";"12,1";"";"";"";"";"";"";"928,9";"929,0";"928,7";"0,9";"319,0";"1,6";"";"0,0"
"12/06/2021";"0900";"12,2";"12,2";"11,5";"";"";"";"";"";"";"929,4";"929,5";"928,9";"0,7";"287,0";"2,8";"";"0,0"
"12/06/2021";"1000";"12,6";"12,6";"12,0";"";"";"";"";"";"";"930,0";"930,0";"929,3";"0,4";"108,0";"2,1";"2,40";"0,0"
"12/06/2021";"1100";"12,6";"13,0";"12,6";"";"";"";"";"";"";"931,1";"931,2";"930,0";"0,7";"228,0";"1,8";"149,80";"0,0"
"12/06/2021";"1200";"13,3";"13,6";"12,6";"";"";"";"";"";"";"931,4";"931,4";"931,1";"0,6";"325,0";"2,1";"546,50";"0,0"
"12/06/2021";"1300";"14,2";"14,2";"13,0";"";"";"";"";"";"";"931,9";"931,9";"931,3";"0,8";"320,0";"2,3";"846,80";"0,0"
"12/06/2021";"1400";"17,9";"18,2";"13,9";"77,0";"";"";"13,8";"";"";"931,5";"931,9";"931,5";"0,9";"7,0";"2,2";"1665,60";"0,0"
"12/06/2021";"1500";"18,0";"18,0";"16,6";"69,0";"80,0";"68,0";"12,2";"13,9";"11,5";"930,9";"931,5";"930,9";"0,7";"163,0";"3,0";"1384,70";"0,0"
"12/06/2021";"1600";"18,8";"19,4";"17,6";"63,0";"74,0";"60,0";"11,5";"13,8";"11,0";"930,1";"930,9";"930,1";"2,0";"153,0";"4,0";"1931,10";"0,0"
"12/06/2021";"1700";"17,8";"19,2";"17,8";"68,0";"71,0";"62,0";"11,9";"12,6";"11,0";"929,6";"930,1";"929,6";"2,1";"126,0";"4,3";"1104,40";"0,0"
"12/06/2021";"1800";"18,5";"19,4";"17,9";"63,0";"68,0";"57,0";"11,3";"12,5";"9,9";"929,4";"929,6";"929,4";"1,4";"146,0";"4,9";"1100,90";"0,0"
"12/06/2021";"1900";"17,4";"18,5";"17,4";"73,0";"77,0";"61,0";"12,4";"13,3";"10,5";"929,6";"929,6";"929,3";"2,8";"145,0";"6,0";"396,20";"0,2"
"12/06/2021";"2000";"16,3";"17,5";"16,3";"86,0";"86,0";"73,0";"14,0";"14,1";"12,4";"930,1";"930,1";"929,6";"3,2";"154,0";"5,9";"246,00";"0,0"
"12/06/2021";"2100";"14,8";"16,3";"14,8";"92,0";"92,0";"84,0";"13,5";"14,0";"13,2";"930,7";"930,7";"930,1";"3,2";"161,0";"7,5";"30,80";"0,0"
"12/06/2021";"2200";"14,4";"14,8";"14,2";"100,0";"100,0";"92,0";"14,4";"14,7";"13,6";"931,1";"931,1";"930,7";"3,1";"155,0";"5,8";"";"0,0"
"12/06/2021";"2300";"13,2";"14,4";"13,2";"100,0";"100,0";"100,0";"13,1";"14,3";"13,1";"931,6";"931,6";"931,1";"1,6";"153,0";"5,8";"";"0,0"
"13/06/2021";"0000";"12,7";"13,2";"12,6";"";"";"";"";"";"";"931,8";"931,8";"931,6";"2,2";"171,0";"5,4";"";"0,0"
"13/06/2021";"0100";"13,3";"13,3";"12,6";"100,0";"100,0";"100,0";"13,3";"13,3";"12,7";"932,2";"932,2";"931,8";"1,9";"171,0";"5,4";"";"0,0"
"13/06/2021";"0200";"13,2";"13,4";"13,2";"100,0";"100,0";"100,0";"13,2";"13,4";"13,2";"932,4";"932,4";"932,2";"1,6";"164,0";"4,4";"";"0,0"
"13/06/2021";"0300";"12,9";"13,3";"12,9";"100,0";"100,0";"100,0";"12,9";"13,2";"12,9";"932,5";"932,6";"932,4";"1,8";"169,0";"4,4";"";"0,0"
"13/06/2021";"0400";"12,8";"12,9";"12,5";"100,0";"100,0";"100,0";"12,8";"12,9";"12,4";"932,2";"932,5";"932,2";"2,3";"161,0";"4,6";"";"0,0"
"13/06/2021";"0500";"12,8";"12,9";"12,7";"100,0";"100,0";"100,0";"12,8";"12,8";"12,7";"932,0";"932,3";"932,0";"1,8";"183,0";"5,1";"";"0,0"
"13/06/2021";"0600";"13,2";"13,2";"12,8";"93,0";"100,0";"92,0";"12,1";"13,1";"12,0";"931,7";"932,0";"931,6";"2,6";"162,0";"5,6";"";"0,0"
"13/06/2021";"0700";"12,8";"13,2";"12,8";"97,0";"99,0";"91,0";"12,3";"12,8";"11,5";"931,7";"931,7";"931,6";"2,0";"154,0";"5,2";"";"0,0"
"13/06/2021";"0800";"12,2";"12,8";"12,1";"100,0";"100,0";"93,0";"12,2";"12,7";"11,7";"931,7";"931,8";"931,7";"1,9";"174,0";"4,8";"";"0,0"
"13/06/2021";"0900";"12,3";"12,4";"12,1";"100,0";"100,0";"96,0";"12,3";"12,4";"11,8";"932,0";"932,0";"931,6";"2,2";"161,0";"4,6";"";"0,0"
"13/06/2021";"1000";"11,8";"12,3";"11,7";"100,0";"100,0";"100,0";"11,8";"12,3";"11,7";"932,5";"932,5";"932,0";"2,3";"163,0";"4,7";"0,30";"0,0"
"13/06/2021";"1100";"13,1";"13,2";"11,7";"95,0";"100,0";"95,0";"12,3";"13,1";"11,7";"933,2";"933,3";"932,5";"2,9";"158,0";"5,1";"216,20";"0,0"
"13/06/2021";"1200";"14,6";"14,6";"13,1";"80,0";"96,0";"80,0";"11,1";"12,6";"11,0";"933,8";"933,8";"933,2";"2,6";"138,0";"6,3";"1093,00";"0,0"
"13/06/2021";"1300";"15,4";"15,9";"14,5";"70,0";"80,0";"70,0";"10,0";"11,2";"9,9";"934,3";"934,4";"933,8";"3,2";"141,0";"7,5";"1624,50";"0,0"
"13/06/2021";"1400";"16,5";"16,6";"15,4";"64,0";"73,0";"63,0";"9,6";"11,0";"9,2";"934,4";"934,5";"934,3";"2,8";"126,0";"7,7";"2074,70";"0,0"
"13/06/2021";"1500";"16,6";"17,0";"16,1";"61,0";"65,0";"59,0";"9,0";"10,2";"8,4";"934,3";"934,5";"934,3";"3,2";"125,0";"6,6";"2322,40";"0,0"
"13/06/2021";"1600";"16,4";"17,0";"16,2";"68,0";"71,0";"59,0";"10,4";"11,4";"8,5";"933,6";"934,3";"933,6";"2,9";"132,0";"6,4";"2433,90";"0,0"
"13/06/2021";"1700";"16,4";"17,2";"16,1";"71,0";"72,0";"65,0";"11,0";"11,8";"10,3";"932,7";"933,6";"932,7";"4,0";"157,0";"7,0";"2152,00";"0,0"
"13/06/2021";"1800";"16,3";"16,9";"16,0";"68,0";"72,0";"67,0";"10,3";"11,6";"10,1";"932,6";"932,8";"932,6";"2,8";"132,0";"6,4";"1787,80";"0,0"
"13/06/2021";"1900";"15,1";"16,3";"15,1";"75,0";"75,0";"66,0";"10,6";"11,4";"9,8";"932,3";"932,6";"932,3";"3,7";"146,0";"7,2";"1183,20";"0,0"
"13/06/2021";"2000";"13,9";"15,2";"13,9";"79,0";"81,0";"74,0";"10,3";"10,9";"10,2";"932,5";"932,5";"932,3";"3,3";"119,0";"7,3";"440,10";"0,0"
"13/06/2021";"2100";"13,1";"13,9";"13,1";"84,0";"84,0";"78,0";"10,5";"11,0";"10,1";"932,9";"932,9";"932,5";"3,3";"149,0";"7,3";"24,10";"0,0"
"13/06/2021";"2200";"12,6";"13,1";"12,6";"87,0";"88,0";"84,0";"10,5";"10,8";"10,5";"933,1";"933,1";"932,9";"3,6";"154,0";"7,0";"";"0,0"
"13/06/2021";"2300";"12,4";"12,7";"12,4";"89,0";"89,0";"87,0";"10,6";"10,8";"10,4";"933,6";"933,6";"933,1";"3,0";"128,0";"6,5";"";"0,0"
"14/06/2021";"0000";"12,6";"12,6";"12,1";"87,0";"96,0";"87,0";"10,4";"11,6";"10,4";"933,8";"933,8";"933,6";"2,7";"123,0";"5,8";"";"0,0"
"14/06/2021";"0100";"12,5";"12,7";"12,5";"88,0";"88,0";"86,0";"10,6";"10,8";"10,3";"934,0";"934,0";"933,8";"2,9";"127,0";"6,7";"";"0,0"
"14/06/2021";"0200";"12,2";"12,5";"12,2";"90,0";"90,0";"87,0";"10,5";"10,6";"10,3";"934,2";"934,2";"934,0";"2,0";"134,0";"6,3";"";"0,0"
"14/06/2021";"0300";"12,2";"12,3";"12,0";"100,0";"100,0";"90,0";"12,2";"12,3";"10,6";"934,2";"934,2";"934,2";"1,7";"128,0";"4,4";"";"0,0"
"14/06/2021";"0400";"12,8";"12,8";"12,1";"100,0";"100,0";"100,0";"12,7";"12,7";"12,1";"933,8";"934,2";"933,7";"2,5";"115,0";"6,3";"";"0,0"
"14/06/2021";"0500";"13,4";"13,4";"12,7";"93,0";"100,0";"93,0";"12,3";"13,2";"12,2";"933,3";"933,8";"933,3";"2,3";"127,0";"6,3";"";"0,0"
"14/06/2021";"0600";"13,1";"13,4";"13,1";"100,0";"100,0";"93,0";"13,1";"13,4";"12,3";"932,8";"933,3";"932,8";"1,5";"100,0";"5,2";"";"0,0"
"14/06/2021";"0700";"12,6";"13,1";"12,6";"100,0";"100,0";"100,0";"12,6";"13,1";"12,6";"932,6";"932,8";"932,6";"1,5";"123,0";"3,6";"";"0,0"
"14/06/2021";"0800";"12,1";"12,6";"12,0";"100,0";"100,0";"100,0";"12,1";"12,6";"12,0";"932,4";"932,6";"932,3";"1,5";"105,0";"3,7";"";"0,0"
"14/06/2021";"0900";"12,0";"12,2";"12,0";"100,0";"100,0";"100,0";"12,0";"12,2";"12,0";"932,5";"932,5";"932,3";"1,1";"112,0";"3,8";"";"0,0"
"14/06/2021";"1000";"12,1";"12,2";"11,8";"100,0";"100,0";"100,0";"12,0";"12,1";"11,8";"933,1";"933,1";"932,5";"1,3";"105,0";"2,6";"1,00";"0,0"
"14/06/2021";"1100";"13,0";"13,0";"12,1";"95,0";"100,0";"92,0";"12,2";"12,8";"11,7";"933,2";"933,2";"933,0";"1,6";"114,0";"3,1";"170,50";"0,0"
"14/06/2021";"1200";"14,5";"14,5";"13,0";"80,0";"96,0";"80,0";"11,2";"12,6";"11,2";"933,6";"933,6";"933,2";"1,9";"96,0";"4,2";"714,60";"0,0"
"14/06/2021";"1300";"16,2";"16,6";"14,5";"73,0";"81,0";"71,0";"11,5";"12,1";"11,1";"933,7";"933,7";"933,5";"2,0";"76,0";"4,9";"1448,60";"0,0"
"14/06/2021";"1400";"17,2";"18,0";"15,9";"70,0";"75,0";"66,0";"11,8";"12,7";"11,2";"933,4";"933,7";"933,4";"1,8";"72,0";"5,0";"1913,20";"0,0"
"14/06/2021";"1500";"18,9";"19,0";"17,3";"64,0";"70,0";"64,0";"12,0";"12,9";"11,1";"932,6";"933,4";"932,6";"1,8";"69,0";"4,8";"2234,40";"0,0"
"14/06/2021";"1600";"18,8";"19,4";"18,4";"65,0";"68,0";"62,0";"12,1";"12,9";"11,7";"931,7";"932,6";"931,7";"2,3";"107,0";"4,4";"2260,20";"0,0"
"14/06/2021";"1700";"19,0";"19,8";"18,7";"69,0";"70,0";"62,0";"13,3";"13,4";"12,0";"930,8";"931,7";"930,8";"2,8";"159,0";"4,8";"2039,00";"0,0"
"14/06/2021";"1800";"18,0";"19,1";"17,9";"74,0";"74,0";"68,0";"13,4";"13,6";"12,9";"930,6";"930,8";"930,5";"4,0";"158,0";"6,6";"1672,80";"0,0"
"14/06/2021";"1900";"16,8";"18,2";"16,7";"83,0";"83,0";"74,0";"14,0";"14,0";"13,1";"930,6";"930,6";"930,5";"3,5";"154,0";"7,0";"1082,60";"0,0"
"14/06/2021";"2000";"15,2";"16,9";"15,2";"90,0";"90,0";"83,0";"13,6";"14,2";"13,6";"931,0";"931,0";"930,6";"3,3";"138,0";"7,8";"401,00";"0,0"
"14/06/2021";"2100";"15,0";"15,3";"14,9";"100,0";"100,0";"90,0";"15,0";"15,1";"13,6";"931,2";"931,2";"930,9";"2,6";"145,0";"8,3";"27,10";"0,0"
"14/06/2021";"2200";"14,9";"15,0";"14,8";"100,0";"100,0";"100,0";"14,8";"15,0";"14,8";"931,5";"931,5";"931,2";"2,0";"128,0";"6,0";"";"0,0"
"14/06/2021";"2300";"14,5";"14,9";"14,4";"100,0";"100,0";"100,0";"14,5";"14,9";"14,4";"931,6";"931,7";"931,4";"2,0";"147,0";"5,1";"";"0,0"
"15/06/2021";"0000";"14,5";"14,6";"14,4";"100,0";"100,0";"100,0";"14,5";"14,6";"14,4";"931,6";"931,7";"931,5";"1,1";"110,0";"3,8";"";"0,0"
"15/06/2021";"0100";"14,6";"14,6";"14,4";"100,0";"100,0";"100,0";"14,5";"14,6";"14,4";"932,0";"932,1";"931,6";"1,3";"94,0";"3,2";"";"0,0"
"15/06/2021";"0200";"14,7";"14,8";"14,6";"100,0";"100,0";"100,0";"14,7";"14,7";"14,5";"932,0";"932,1";"932,0";"1,0";"113,0";"3,0";"";"0,0"
"15/06/2021";"0300";"14,7";"14,8";"14,6";"100,0";"100,0";"100,0";"14,7";"14,8";"14,6";"931,8";"932,1";"931,8";"1,1";"119,0";"2,2";"";"0,0"
"15/06/2021";"0400";"13,8";"14,7";"13,8";"100,0";"100,0";"100,0";"13,8";"14,7";"13,8";"931,7";"931,8";"931,6";"0,5";"44,0";"2,8";"";"0,0"
"15/06/2021";"0500";"13,1";"13,8";"13,1";"";"";"";"";"";"";"931,2";"931,7";"931,2";"0,8";"119,0";"1,6";"";"0,0"
"15/06/2021";"0600";"12,8";"13,2";"12,6";"";"";"";"";"";"";"930,9";"931,2";"930,8";"0,7";"140,0";"1,6";"";"0,0"
"15/06/2021";"0700";"13,0";"13,1";"12,8";"";"";"";"";"";"";"930,6";"930,9";"930,6";"1,1";"82,0";"2,1";"";"0,0"
"15/06/2021";"0800";"12,8";"13,1";"12,8";"";"";"";"";"";"";"930,2";"930,6";"930,2";"1,2";"66,0";"3,6";"";"0,0"
"15/06/2021";"0900";"13,0";"13,1";"12,8";"";"";"";"";"";"";"930,4";"930,4";"930,1";"0,9";"17,0";"2,9";"";"0,0"
"15/06/2021";"1000";"12,9";"13,2";"12,9";"";"";"";"";"";"";"930,9";"930,9";"930,4";"1,3";"348,0";"3,1";"0,80";"0,0"
"15/06/2021";"1100";"12,8";"13,1";"12,8";"100,0";"";"";"12,8";"";"";"931,1";"931,1";"930,9";"1,4";"357,0";"3,4";"95,00";"0,0"
"15/06/2021";"1200";"13,7";"13,7";"12,7";"100,0";"";"";"13,7";"";"";"931,4";"931,4";"931,1";"1,9";"29,0";"3,7";"346,50";"0,0"
"15/06/2021";"1300";"16,0";"16,0";"13,7";"81,0";"100,0";"80,0";"12,8";"14,7";"12,0";"931,3";"931,6";"931,3";"1,5";"344,0";"3,7";"1029,20";"0,0"
"15/06/2021";"1400";"18,2";"18,2";"16,0";"72,0";"81,0";"71,0";"13,2";"13,6";"12,3";"931,1";"931,4";"931,1";"1,4";"10,0";"3,9";"1935,20";"0,0"
"15/06/2021";"1500";"20,5";"20,5";"18,3";"66,0";"73,0";"63,0";"13,8";"14,3";"12,5";"930,2";"931,1";"930,2";"1,1";"53,0";"3,5";"2172,70";"0,0"
"15/06/2021";"1600";"22,0";"22,3";"20,5";"59,0";"66,0";"55,0";"13,5";"14,3";"12,2";"928,9";"930,2";"928,9";"1,2";"42,0";"4,2";"2179,30";"0,0"
"15/06/2021";"1700";"23,2";"23,9";"22,0";"55,0";"61,0";"51,0";"13,5";"14,7";"12,3";"928,1";"928,9";"928,1";"1,3";"288,0";"5,3";"1896,10";"0,0"
"15/06/2021";"1800";"22,3";"23,8";"21,8";"54,0";"64,0";"51,0";"12,7";"14,7";"12,3";"927,9";"928,1";"927,9";"1,4";"292,0";"4,7";"973,50";"0,0"
"15/06/2021";"1900";"19,1";"23,6";"18,9";"79,0";"79,0";"49,0";"15,5";"15,5";"12,1";"928,1";"928,1";"927,8";"2,2";"155,0";"5,5";"634,40";"0,0"
"15/06/2021";"2000";"16,4";"19,2";"16,4";"100,0";"100,0";"78,0";"16,4";"16,8";"15,1";"928,6";"928,6";"928,0";"2,5";"128,0";"5,8";"350,10";"0,0"
"15/06/2021";"2100";"15,5";"16,5";"15,5";"";"";"";"";"";"";"928,8";"928,8";"928,5";"1,7";"138,0";"5,0";"25,30";"0,0"
"15/06/2021";"2200";"15,0";"15,5";"15,0";"";"";"";"";"";"";"929,4";"929,4";"928,8";"2,5";"167,0";"4,7";"";"0,0"
"15/06/2021";"2300";"14,9";"15,1";"14,8";"";"";"";"";"";"";"929,5";"929,5";"929,3";"1,4";"159,0";"4,3";"";"0,0"
"16/06/2021";"0000";"14,9";"15,1";"14,9";"";"";"";"";"";"";"929,8";"929,8";"929,5";"1,7";"143,0";"4,1";"";"0,0"
"16/06/2021";"0100";"15,2";"15,2";"14,8";"100,0";"";"";"15,2";"";"";"930,1";"930,1";"929,8";"1,6";"165,0";"4,0";"";"0,0"
"16/06/2021";"0200";"14,8";"15,2";"14,8";"100,0";"100,0";"63,0";"14,8";"15,2";"13,2";"930,0";"930,1";"929,9";"2,1";"164,0";"4,6";"";"0,0"
"16/06/2021";"0300";"14,6";"14,8";"14,4";"100,0";"100,0";"100,0";"14,6";"14,8";"14,4";"930,1";"930,3";"930,0";"1,2";"165,0";"5,2";"";"0,0"
"16/06/2021";"0400";"13,3";"14,6";"13,3";"";"";"";"";"";"";"930,0";"930,1";"929,9";"0,6";"152,0";"6,1";"";"0,0"
"16/06/2021";"0500";"12,8";"13,5";"12,8";"";"";"";"";"";"";"929,6";"930,0";"929,6";"0,6";"169,0";"3,3";"";"0,0"
"16/06/2021";"0600";"12,9";"13,2";"12,6";"";"";"";"";"";"";"929,2";"929,6";"929,2";"1,1";"150,0";"3,0";"";"0,0"
"16/06/2021";"0700";"12,5";"13,0";"12,1";"";"";"";"";"";"";"929,1";"929,3";"929,1";"0,9";"117,0";"2,1";"";"0,0"
"16/06/2021";"0800";"12,9";"13,0";"12,2";"";"";"";"";"";"";"929,1";"929,1";"929,0";"0,8";"188,0";"1,9";"";"0,0"
"16/06/2021";"0900";"13,4";"13,4";"12,9";"";"";"";"";"";"";"929,4";"929,4";"929,0";"1,1";"201,0";"2,4";"";"0,0"
"16/06/2021";"1000";"13,6";"13,6";"13,2";"";"";"";"";"";"";"929,7";"929,7";"929,4";"2,1";"159,0";"4,3";"0,30";"0,0"
"16/06/2021";"1100";"13,3";"13,7";"13,1";"100,0";"100,0";"100,0";"13,3";"13,5";"13,1";"930,2";"930,2";"929,7";"1,5";"181,0";"4,8";"107,70";"0,0"
"16/06/2021";"1200";"14,1";"14,3";"13,3";"98,0";"100,0";"96,0";"13,7";"14,2";"13,3";"930,6";"930,6";"930,2";"2,0";"154,0";"4,4";"480,50";"0,0"
"16/06/2021";"1300";"15,2";"16,7";"14,1";"81,0";"98,0";"75,0";"11,9";"13,8";"11,6";"930,9";"930,9";"930,6";"2,8";"163,0";"5,4";"1468,60";"0,0"
"16/06/2021";"1400";"17,1";"17,2";"15,1";"74,0";"83,0";"70,0";"12,4";"12,7";"11,2";"930,5";"930,9";"930,4";"2,3";"148,0";"5,9";"1716,90";"0,0"
"16/06/2021";"1500";"17,3";"18,6";"16,4";"64,0";"77,0";"63,0";"10,3";"13,0";"10,3";"930,1";"930,5";"930,1";"2,8";"127,0";"6,0";"2306,80";"0,0"
"16/06/2021";"1600";"18,0";"18,5";"16,8";"65,0";"69,0";"60,0";"11,4";"11,9";"9,7";"929,3";"930,1";"929,3";"2,3";"123,0";"5,9";"1685,40";"0,0"
"16/06/2021";"1700";"17,0";"18,5";"16,9";"74,0";"75,0";"63,0";"12,4";"12,7";"10,3";"929,1";"929,4";"929,1";"2,4";"160,0";"5,8";"1056,60";"0,0"
"16/06/2021";"1800";"16,9";"17,4";"16,3";"74,0";"78,0";"73,0";"12,1";"13,1";"11,9";"929,2";"929,3";"929,1";"2,9";"155,0";"6,6";"1124,30";"0,0"
"16/06/2021";"1900";"15,7";"17,2";"15,7";"78,0";"81,0";"73,0";"11,9";"13,1";"11,7";"929,3";"929,3";"928,9";"3,6";"162,0";"7,2";"782,70";"0,0"
"16/06/2021";"2000";"14,7";"15,8";"14,7";"88,0";"90,0";"78,0";"12,8";"13,1";"11,9";"929,9";"929,9";"929,3";"2,7";"169,0";"7,4";"277,60";"0,0"
"16/06/2021";"2100";"14,1";"14,7";"14,1";"90,0";"91,0";"88,0";"12,5";"12,9";"12,4";"930,4";"930,5";"929,9";"2,3";"163,0";"6,6";"20,60";"0,0"
"16/06/2021";"2200";"13,9";"14,1";"13,6";"100,0";"100,0";"90,0";"13,9";"13,9";"12,6";"930,7";"930,8";"930,4";"1,8";"162,0";"4,8";"";"0,0"
"16/06/2021";"2300";"13,9";"14,0";"13,6";"100,0";"100,0";"100,0";"13,9";"14,0";"13,6";"930,8";"930,9";"930,7";"2,0";"153,0";"5,1";"";"0,0"
"17/06/2021";"0000";"13,8";"13,9";"13,7";"100,0";"100,0";"100,0";"13,8";"13,9";"13,7";"931,1";"931,1";"930,8";"2,1";"164,0";"5,3";"";"0,0"
"17/06/2021";"0100";"13,7";"13,8";"13,6";"";"100,0";"100,0";"";"13,8";"13,6";"931,2";"931,2";"931,0";"1,6";"158,0";"4,4";"";"0,0"
"17/06/2021";"0200";"13,6";"13,7";"13,4";"";"";"";"";"";"";"931,3";"931,3";"931,1";"1,6";"179,0";"4,8";"";"0,0"
"17/06/2021";"0300";"13,3";"13,6";"13,3";"";"";"";"";"";"";"931,3";"931,4";"931,3";"1,5";"172,0";"3,9";"";"0,0"
"17/06/2021";"0400";"13,2";"13,3";"13,1";"";"";"";"";"";"";"931,4";"931,4";"931,3";"1,6";"179,0";"4,6";"";"0,0"
"17/06/2021";"0500";"13,2";"13,3";"13,2";"";"";"";"";"";"";"931,3";"931,4";"931,3";"1,7";"171,0";"3,8";"";"0,4"
"17/06/2021";"0600";"13,2";"13,3";"13,0";"";"";"";"";"";"";"931,1";"931,3";"931,1";"1,1";"148,0";"3,9";"";"0,8"
"17/06/2021";"0700";"12,9";"13,2";"12,9";"";"";"";"";"";"";"931,0";"931,1";"930,9";"1,7";"177,0";"3,3";"";"0,2"
"17/06/2021";"0800";"12,8";"13,0";"12,8";"";"";"";"";"";"";"931,1";"931,1";"931,0";"2,2";"161,0";"4,2";"";"0,0"
"17/06/2021";"0900";"12,6";"12,9";"12,5";"";"";"";"";"";"";"931,5";"931,5";"931,1";"2,2";"162,0";"4,5";"";"0,4"
"17/06/2021";"1000";"12,4";"12,7";"12,4";"";"";"";"";"";"";"932,0";"932,0";"931,5";"2,6";"166,0";"4,7";"0,60";"0,2"
"17/06/2021";"1100";"12,5";"12,8";"12,3";"";"";"";"";"";"";"932,3";"932,3";"931,9";"2,0";"156,0";"4,7";"65,20";"0,2"
"17/06/2021";"1200";"13,3";"13,6";"12,4";"";"";"";"";"";"";"932,8";"932,8";"932,2";"0,9";"149,0";"4,4";"427,90";"0,0"
"17/06/2021";"1300";"14,4";"14,6";"13,0";"95,0";"";"";"13,6";"";"";"933,2";"933,2";"932,8";"1,0";"119,0";"3,3";"575,90";"0,0"
"17/06/2021";"1400";"15,2";"15,4";"14,2";"85,0";"100,0";"83,0";"12,7";"14,5";"11,9";"933,1";"933,3";"933,1";"1,1";"137,0";"3,0";"829,90";"0,0"
"17/06/2021";"1500";"15,1";"15,3";"14,6";"88,0";"99,0";"82,0";"13,1";"14,5";"11,9";"932,4";"933,1";"932,4";"1,4";"154,0";"3,9";"809,90";"0,0"
"17/06/2021";"1600";"16,6";"16,6";"14,8";"76,0";"99,0";"76,0";"12,4";"14,8";"12,1";"931,8";"932,4";"931,8";"1,8";"152,0";"3,7";"1713,40";"0,0"
"17/06/2021";"1700";"17,2";"17,2";"15,9";"68,0";"81,0";"68,0";"11,3";"12,8";"11,1";"931,2";"931,8";"931,2";"2,2";"157,0";"4,5";"1453,90";"0,0"
"17/06/2021";"1800";"16,7";"18,1";"15,6";"76,0";"83,0";"68,0";"12,4";"13,0";"11,6";"931,1";"931,2";"931,1";"2,2";"166,0";"5,7";"1021,50";"0,0"
"17/06/2021";"1900";"15,4";"17,1";"15,4";"83,0";"86,0";"73,0";"12,6";"13,5";"11,9";"931,3";"931,3";"931,1";"3,1";"154,0";"6,1";"784,90";"0,0"
"17/06/2021";"2000";"14,8";"16,0";"14,7";"96,0";"96,0";"82,0";"14,2";"14,2";"12,4";"931,6";"931,6";"931,3";"2,6";"162,0";"6,0";"381,40";"0,0"
"17/06/2021";"2100";"13,8";"14,8";"13,8";"100,0";"100,0";"95,0";"13,8";"14,5";"13,8";"932,1";"932,2";"931,6";"2,8";"155,0";"5,3";"41,90";"0,0"
"17/06/2021";"2200";"13,1";"13,8";"13,1";"100,0";"";"";"13,1";"";"";"932,4";"932,4";"932,1";"2,5";"164,0";"5,3";"";"0,0"
"17/06/2021";"2300";"12,8";"13,2";"12,6";"100,0";"100,0";"89,0";"12,8";"13,2";"11,5";"932,8";"932,9";"932,4";"2,1";"167,0";"5,8";"";"0,0"
"18/06/2021";"0000";"13,2";"13,2";"12,8";"100,0";"";"";"13,2";"";"";"932,9";"933,0";"932,9";"1,9";"146,0";"4,9";"";"0,0"
"18/06/2021";"0100";"13,1";"13,4";"13,0";"";"";"";"";"";"";"933,2";"933,2";"932,4";"1,7";"173,0";"4,3";"";"0,0"
"18/06/2021";"0200";"12,9";"13,1";"12,9";"100,0";"";"";"12,9";"";"";"933,1";"933,2";"933,0";"1,3";"185,0";"4,1";"";"0,0"
"18/06/2021";"0300";"12,3";"12,9";"12,3";"";"100,0";"94,0";"";"12,9";"12,6";"932,8";"933,1";"932,8";"0,4";"109,0";"3,3";"";"0,0"
"18/06/2021";"0400";"12,7";"12,7";"12,2";"";"";"";"";"";"";"933,2";"933,2";"932,8";"0,5";"137,0";"1,5";"";"0,0"
"18/06/2021";"0500";"12,7";"12,7";"12,5";"";"";"";"";"";"";"932,8";"933,2";"932,6";"1,2";"168,0";"2,5";"";"0,0"
"18/06/2021";"0600";"12,7";"12,8";"12,6";"";"";"";"";"";"";"932,5";"932,9";"932,5";"1,5";"179,0";"3,2";"";"0,0"
"18/06/2021";"0700";"12,9";"12,9";"12,7";"";"";"";"";"";"";"932,4";"932,6";"932,4";"1,1";"175,0";"3,1";"";"0,0"
"18/06/2021";"0800";"12,8";"12,9";"12,8";"";"";"";"";"";"";"932,7";"932,7";"932,4";"1,0";"189,0";"2,8";"";"0,0"
"18/06/2021";"0900";"12,4";"12,8";"12,4";"";"";"";"";"";"";"933,0";"933,0";"932,7";"1,0";"214,0";"2,2";"";"0,0"
"18/06/2021";"1000";"12,0";"12,4";"12,0";"";"";"";"";"";"";"933,4";"933,4";"933,0";"0,8";"185,0";"2,6";"0,30";"0,0"
"18/06/2021";"1100";"14,3";"14,3";"11,9";"96,0";"";"";"13,7";"";"";"934,0";"934,0";"933,4";"1,1";"110,0";"2,1";"247,90";"0,0"
"18/06/2021";"1200";"14,0";"14,9";"14,0";"100,0";"100,0";"88,0";"14,0";"14,7";"12,6";"934,7";"934,7";"934,0";"1,3";"105,0";"2,1";"572,40";"0,0"
"18/06/2021";"1300";"16,3";"16,3";"14,0";"79,0";"100,0";"79,0";"12,7";"14,7";"11,9";"934,6";"934,8";"934,6";"1,1";"115,0";"3,4";"1566,50";"0,0"
"18/06/2021";"1400";"17,2";"17,5";"15,7";"71,0";"80,0";"70,0";"12,0";"12,9";"11,6";"934,5";"934,7";"934,4";"1,8";"138,0";"4,0";"1911,00";"0,0"
"18/06/2021";"1500";"17,3";"18,2";"16,7";"71,0";"75,0";"65,0";"12,1";"12,5";"11,1";"933,9";"934,5";"933,9";"1,8";"160,0";"4,6";"1807,80";"0,0"
"18/06/2021";"1600";"18,2";"18,8";"17,2";"69,0";"72,0";"65,0";"12,3";"13,2";"11,3";"933,1";"933,9";"933,1";"2,9";"154,0";"5,6";"1765,20";"0,0"
"18/06/2021";"1700";"18,1";"18,7";"17,5";"74,0";"76,0";"66,0";"13,5";"13,5";"11,8";"932,5";"933,1";"932,5";"2,9";"126,0";"6,2";"1834,80";"0,0"
"18/06/2021";"1800";"17,7";"18,3";"17,6";"73,0";"76,0";"71,0";"12,9";"13,8";"12,7";"932,4";"932,5";"932,3";"2,7";"133,0";"6,4";"1589,60";"0,0"
"18/06/2021";"1900";"16,7";"17,9";"16,6";"79,0";"81,0";"72,0";"13,1";"13,6";"12,6";"932,4";"932,5";"932,2";"2,8";"127,0";"7,2";"1039,80";"0,0"
"18/06/2021";"2000";"15,3";"16,8";"15,3";"88,0";"89,0";"78,0";"13,3";"13,5";"12,7";"932,6";"932,6";"932,3";"2,5";"134,0";"7,1";"363,50";"0,2"
"18/06/2021";"2100";"14,2";"15,3";"14,2";"100,0";"100,0";"87,0";"14,2";"14,8";"13,1";"932,7";"932,7";"932,5";"2,6";"135,0";"5,6";"27,80";"0,0"
"18/06/2021";"2200";"14,3";"14,3";"14,0";"100,0";"100,0";"100,0";"14,3";"14,3";"14,0";"933,7";"933,7";"932,7";"1,8";"129,0";"5,5";"";"0,0"
"18/06/2021";"2300";"14,3";"14,5";"14,3";"100,0";"100,0";"100,0";"14,3";"14,5";"14,3";"933,7";"933,9";"933,7";"2,3";"146,0";"4,9";"";"0,0"
"19/06/2021";"0000";"14,2";"14,3";"14,1";"100,0";"100,0";"100,0";"14,2";"14,3";"14,0";"933,9";"934,3";"933,7";"2,1";"134,0";"4,9";"";"0,0"
"19/06/2021";"0100";"14,3";"14,4";"14,2";"100,0";"100,0";"100,0";"14,3";"14,4";"14,2";"933,9";"934,1";"933,6";"2,4";"127,0";"6,4";"";"0,0"
"19/06/2021";"0200";"14,2";"14,5";"14,2";"100,0";"100,0";"100,0";"14,2";"14,5";"14,2";"933,7";"934,1";"933,7";"2,2";"110,0";"5,3";"";"0,0"
"19/06/2021";"0300";"14,2";"14,3";"13,9";"100,0";"100,0";"89,0";"14,2";"14,2";"12,6";"933,1";"933,7";"933,0";"2,2";"131,0";"6,3";"";"0,0"
"19/06/2021";"0400";"14,4";"14,4";"14,2";"100,0";"";"";"14,3";"";"";"932,8";"933,2";"932,3";"1,9";"109,0";"5,8";"";"0,0"
"19/06/2021";"0500";"14,3";"14,4";"14,3";"";"100,0";"94,0";"";"14,4";"14,3";"932,2";"933,0";"932,2";"1,5";"109,0";"3,7";"";"0,0"
"19/06/2021";"0600";"14,3";"14,3";"14,1";"";"";"";"";"";"";"932,0";"932,2";"931,8";"1,4";"131,0";"3,8";"";"0,0"
"19/06/2021";"0700";"14,6";"14,7";"14,2";"100,0";"100,0";"90,0";"14,6";"14,6";"14,3";"932,1";"932,2";"931,8";"1,4";"137,0";"3,8";"";"0,0"
"19/06/2021";"0800";"14,2";"14,6";"14,2";"";"";"";"";"";"";"932,2";"932,8";"932,1";"2,0";"130,0";"4,2";"";"0,8"
"19/06/2021";"0900";"14,0";"14,3";"14,0";"";"";"";"";"";"";"932,2";"932,7";"932,1";"2,1";"122,0";"4,8";"";"0,2"
"19/06/2021";"1000";"14,1";"14,1";"14,0";"";"";"";"";"";"";"932,9";"933,0";"932,2";"1,8";"115,0";"4,4";"";"0,0"
"19/06/2021";"1100";"14,1";"14,2";"14,0";"";"";"";"";"";"";"933,1";"933,1";"932,8";"0,8";"132,0";"3,6";"38,40";"0,2"
"19/06/2021";"1200";"14,6";"14,6";"14,1";"";"";"";"";"";"";"933,2";"933,5";"933,0";"0,8";"73,0";"2,8";"98,30";"0,0"
"19/06/2021";"1300";"15,8";"15,8";"14,6";"91,0";"100,0";"90,0";"14,4";"15,4";"14,2";"932,9";"933,4";"932,8";"1,4";"59,0";"4,9";"315,90";"0,0"
"19/06/2021";"1400";"16,3";"16,3";"15,7";"86,0";"93,0";"84,0";"13,9";"14,5";"13,5";"932,2";"932,9";"932,2";"1,9";"62,0";"5,9";"500,10";"0,0"
"19/06/2021";"1500";"16,7";"17,0";"16,3";"80,0";"86,0";"79,0";"13,2";"14,2";"13,1";"931,3";"932,2";"931,2";"1,9";"28,0";"5,3";"553,60";"0,0"
"19/06/2021";"1600";"17,7";"18,0";"16,7";"76,0";"82,0";"74,0";"13,4";"13,8";"13,0";"930,2";"931,3";"930,2";"2,0";"48,0";"7,2";"1095,40";"0,0"
"19/06/2021";"1700";"17,9";"18,7";"17,5";"75,0";"77,0";"72,0";"13,4";"14,1";"13,0";"929,7";"930,4";"929,7";"1,9";"62,0";"6,0";"1143,40";"0,0"
"19/06/2021";"1800";"18,4";"18,4";"17,7";"75,0";"78,0";"73,0";"13,9";"14,3";"13,2";"929,3";"929,7";"929,2";"1,3";"113,0";"4,3";"820,90";"0,0"
"19/06/2021";"1900";"17,0";"18,7";"17,0";"95,0";"95,0";"73,0";"16,2";"16,2";"13,4";"929,1";"929,3";"928,9";"3,2";"153,0";"5,6";"672,70";"0,0"
"19/06/2021";"2000";"15,9";"17,0";"15,8";"";"100,0";"96,0";"";"16,8";"15,8";"929,3";"929,5";"929,1";"2,5";"140,0";"5,8";"178,60";"0,0"
"19/06/2021";"2100";"15,6";"15,9";"15,6";"";"";"";"";"";"";"929,8";"929,9";"929,3";"2,1";"145,0";"5,4";"25,30";"0,0"
"19/06/2021";"2200";"15,3";"15,6";"15,3";"";"";"";"";"";"";"929,5";"929,9";"929,5";"1,7";"114,0";"4,3";"";"0,0"
"19/06/2021";"2300";"15,3";"15,3";"15,2";"";"";"";"";"";"";"929,8";"929,8";"929,4";"0,4";"206,0";"3,4";"";"0,0"
"20/06/2021";"0000";"15,2";"15,4";"15,2";"";"";"";"";"";"";"929,8";"930,1";"929,7";"0,5";"81,0";"1,4";"";"0,4"
"20/06/2021";"0100";"15,2";"15,3";"15,1";"";"";"";"";"";"";"929,4";"929,9";"929,2";"0,2";"235,0";"2,4";"";"0,2"
"20/06/2021";"0200";"14,8";"15,4";"14,7";"";"";"";"";"";"";"928,9";"929,7";"928,9";"0,6";"158,0";"2,2";"";"0,0"
"20/06/2021";"0300";"15,1";"15,2";"14,7";"";"";"";"";"";"";"928,6";"929,0";"928,5";"0,8";"235,0";"1,7";"";"0,0"
"20/06/2021";"0400";"15,1";"15,1";"15,0";"";"";"";"";"";"";"929,0";"929,0";"928,5";"0,5";"257,0";"2,2";"";"0,0"
"20/06/2021";"0500";"15,1";"15,2";"14,9";"";"";"";"";"";"";"928,2";"929,5";"928,1";"0,8";"349,0";"2,3";"";"0,4"
"20/06/2021";"0600";"15,1";"15,1";"14,8";"";"";"";"";"";"";"928,3";"928,3";"927,6";"0,7";"265,0";"2,5";"";"0,0"
"20/06/2021";"0700";"15,1";"15,3";"14,9";"";"";"";"";"";"";"927,9";"928,6";"927,4";"0,5";"272,0";"2,8";"";"0,2"
"20/06/2021";"0800";"14,9";"15,2";"14,9";"";"";"";"";"";"";"927,7";"928,0";"927,6";"0,3";"317,0";"1,9";"";"0,0"
"20/06/2021";"0900";"14,6";"14,9";"14,6";"";"";"";"";"";"";"927,9";"927,9";"927,6";"0,4";"251,0";"2,8";"";"0,0"
"20/06/2021";"1000";"14,7";"14,7";"14,2";"";"";"";"";"";"";"927,8";"927,9";"927,7";"1,8";"321,0";"5,3";"0,50";"0,0"
"20/06/2021";"1100";"15,5";"15,5";"14,7";"";"";"";"";"";"";"928,0";"928,1";"927,8";"1,5";"320,0";"5,3";"131,60";"0,0"
"20/06/2021";"1200";"18,5";"18,5";"15,5";"83,0";"";"";"15,5";"";"";"929,0";"929,0";"928,0";"1,2";"283,0";"5,7";"592,90";"0,0"
"20/06/2021";"1300";"20,0";"20,6";"18,0";"71,0";"83,0";"71,0";"14,6";"16,2";"14,3";"929,2";"929,2";"929,0";"1,8";"291,0";"7,5";"1340,80";"0,0"
"20/06/2021";"1400";"19,2";"20,2";"19,1";"71,0";"78,0";"69,0";"13,8";"15,3";"13,8";"928,8";"929,2";"928,8";"1,6";"279,0";"6,1";"1039,10";"0,0"
"20/06/2021";"1500";"21,7";"21,7";"18,7";"67,0";"75,0";"65,0";"15,4";"15,5";"13,5";"928,2";"928,8";"928,2";"2,0";"294,0";"6,3";"1276,40";"0,0"
"20/06/2021";"1600";"21,3";"21,9";"19,9";"63,0";"69,0";"63,0";"13,9";"15,2";"13,4";"927,7";"928,2";"927,7";"1,9";"285,0";"8,1";"1620,90";"0,0"
"20/06/2021";"1700";"19,8";"22,4";"19,7";"67,0";"67,0";"57,0";"13,5";"14,5";"12,6";"927,7";"927,7";"927,5";"1,7";"261,0";"8,3";"1912,40";"0,0"
"20/06/2021";"1800";"20,0";"20,1";"19,1";"64,0";"72,0";"64,0";"12,9";"14,4";"12,9";"927,8";"927,8";"927,6";"2,4";"263,0";"6,5";"1425,10";"0,2"
"20/06/2021";"1900";"18,4";"20,4";"18,4";"66,0";"66,0";"60,0";"11,9";"13,0";"11,8";"928,5";"928,6";"927,8";"2,1";"243,0";"8,4";"789,10";"0,0"
"20/06/2021";"2000";"16,8";"18,9";"16,8";"74,0";"74,0";"64,0";"12,1";"12,3";"11,8";"929,1";"929,1";"928,5";"2,4";"223,0";"6,3";"329,60";"0,0"
"20/06/2021";"2100";"15,6";"16,8";"15,6";"79,0";"79,0";"74,0";"11,9";"12,2";"11,9";"929,8";"929,8";"929,1";"1,2";"187,0";"5,9";"16,80";"0,0"
"20/06/2021";"2200";"14,5";"15,6";"14,4";"100,0";"100,0";"79,0";"14,5";"14,7";"11,9";"930,6";"930,6";"929,8";"1,9";"174,0";"5,8";"";"0,0"
"20/06/2021";"2300";"14,3";"14,6";"13,8";"100,0";"100,0";"100,0";"14,3";"14,6";"13,8";"931,1";"931,1";"930,6";"1,7";"167,0";"5,2";"";"0,0"
"21/06/2021";"0000";"13,6";"14,4";"13,6";"";"";"";"";"";"";"931,4";"931,5";"931,1";"2,1";"182,0";"5,0";"";"0,0"
"21/06/2021";"0100";"13,8";"13,9";"13,5";"100,0";"100,0";"100,0";"13,8";"13,9";"13,5";"931,8";"931,8";"931,4";"1,4";"193,0";"5,7";"";"0,0"
"21/06/2021";"0200";"13,7";"13,8";"13,6";"";"";"";"";"";"";"931,9";"932,0";"931,8";"0,7";"216,0";"3,4";"";"0,0"
"21/06/2021";"0300";"13,7";"13,8";"13,5";"100,0";"100,0";"100,0";"13,6";"13,8";"13,5";"931,8";"931,9";"931,7";"1,0";"193,0";"2,7";"";"0,0"
"21/06/2021";"0400";"13,5";"13,8";"13,5";"";"100,0";"85,0";"";"13,8";"13,6";"931,6";"931,8";"931,6";"1,1";"206,0";"2,4";"";"0,0"
"21/06/2021";"0500";"13,4";"13,6";"13,4";"100,0";"";"";"13,4";"";"";"931,6";"931,8";"931,6";"0,5";"177,0";"2,4";"";"0,0"
"21/06/2021";"0600";"13,2";"13,5";"13,2";"";"";"";"";"";"";"931,3";"931,6";"931,3";"0,8";"193,0";"2,2";"";"0,6"
"21/06/2021";"0700";"13,1";"13,3";"13,1";"";"";"";"";"";"";"931,1";"931,4";"931,1";"1,1";"183,0";"2,9";"";"0,0"
"21/06/2021";"0800";"12,9";"13,1";"12,9";"";"";"";"";"";"";"931,3";"931,4";"931,1";"0,8";"162,0";"2,8";"";"0,0"
"21/06/2021";"0900";"13,0";"13,1";"12,9";"";"";"";"";"";"";"931,8";"931,8";"931,3";"1,0";"129,0";"2,6";"";"0,4"
"21/06/2021";"1000";"12,9";"13,0";"12,8";"";"";"";"";"";"";"932,1";"932,2";"931,8";"0,8";"181,0";"2,8";"1,30";"0,0"
"21/06/2021";"1100";"13,0";"13,0";"12,8";"";"";"";"";"";"";"932,8";"932,8";"932,1";"1,2";"149,0";"3,6";"88,90";"0,4"
"21/06/2021";"1200";"13,7";"13,7";"12,8";"";"";"";"";"";"";"933,1";"933,2";"932,7";"1,4";"175,0";"2,7";"432,80";"0,2"
"21/06/2021";"1300";"15,4";"15,5";"13,5";"85,0";"100,0";"82,0";"12,9";"14,9";"12,1";"932,7";"933,2";"932,4";"2,9";"128,0";"5,6";"1435,30";"0,0"
"21/06/2021";"1400";"16,0";"16,5";"15,0";"81,0";"89,0";"74,0";"12,7";"13,8";"11,4";"932,9";"933,0";"932,3";"1,7";"137,0";"5,7";"1608,90";"0,0"
"21/06/2021";"1500";"16,3";"17,0";"15,9";"78,0";"82,0";"74,0";"12,4";"13,0";"11,4";"932,4";"932,9";"932,4";"1,9";"113,0";"4,0";"1236,10";"0,0"
"21/06/2021";"1600";"17,6";"17,6";"16,3";"70,0";"79,0";"69,0";"12,2";"13,1";"11,6";"931,4";"932,4";"931,4";"1,9";"100,0";"4,3";"2162,60";"0,0"
"21/06/2021";"1700";"17,6";"18,0";"17,2";"70,0";"73,0";"67,0";"12,0";"13,0";"11,1";"930,8";"931,4";"930,8";"1,7";"109,0";"4,6";"1644,20";"0,0"
"21/06/2021";"1800";"17,6";"18,0";"17,3";"69,0";"72,0";"66,0";"11,8";"12,6";"11,1";"930,5";"930,8";"930,4";"1,5";"124,0";"3,6";"993,10";"0,0"
"21/06/2021";"1900";"16,4";"17,5";"16,4";"80,0";"80,0";"68,0";"12,9";"13,0";"11,3";"930,6";"930,7";"930,3";"2,4";"153,0";"4,6";"321,50";"0,0"
"21/06/2021";"2000";"15,2";"16,4";"15,1";"100,0";"100,0";"80,0";"15,1";"15,2";"12,8";"930,6";"930,7";"930,2";"2,4";"142,0";"5,6";"144,60";"0,0"
"21/06/2021";"2100";"14,7";"15,2";"14,6";"100,0";"100,0";"100,0";"14,6";"15,2";"14,6";"931,0";"931,4";"930,6";"2,4";"141,0";"5,0";"11,30";"0,0"
"21/06/2021";"2200";"14,3";"14,7";"14,3";"";"";"";"";"";"";"930,8";"931,0";"930,7";"2,0";"138,0";"5,0";"";"0,0"
"21/06/2021";"2300";"14,1";"14,4";"14,0";"";"";"";"";"";"";"931,5";"931,7";"930,8";"1,4";"99,0";"4,2";"";"0,0"
"22/06/2021";"0000";"13,9";"14,1";"13,8";"";"";"";"";"";"";"931,7";"932,0";"931,4";"1,4";"129,0";"3,0";"";"0,0"
"22/06/2021";"0100";"13,8";"13,9";"13,7";"";"";"";"";"";"";"931,6";"931,7";"931,0";"1,7";"137,0";"3,8";"";"0,4"
"22/06/2021";"0200";"13,7";"14,0";"13,7";"";"";"";"";"";"";"932,6";"932,6";"931,6";"2,3";"183,0";"5,4";"";"0,8"
"22/06/2021";"0300";"13,6";"13,7";"13,4";"";"";"";"";"";"";"932,0";"932,6";"931,6";"1,7";"158,0";"5,4";"";"1,8"
"22/06/2021";"0400";"13,7";"13,7";"13,5";"";"";"";"";"";"";"931,7";"932,3";"931,6";"1,3";"121,0";"4,0";"";"1,6"
"22/06/2021";"0500";"13,7";"13,7";"13,6";"";"";"";"";"";"";"930,9";"931,9";"930,8";"1,5";"9,0";"4,2";"";"0,4"
"22/06/2021";"0600";"13,9";"14,0";"13,7";"";"";"";"";"";"";"930,5";"930,9";"930,4";"1,5";"356,0";"4,2";"";"0,0"
"22/06/2021";"0700";"13,9";"14,1";"13,9";"";"";"";"";"";"";"930,7";"930,9";"930,4";"0,8";"63,0";"3,8";"";"1,2"
"22/06/2021";"0800";"14,1";"14,2";"13,9";"";"";"";"";"";"";"930,3";"930,7";"930,0";"0,8";"50,0";"3,0";"";"0,0"
"22/06/2021";"0900";"14,4";"14,4";"14,1";"";"";"";"";"";"";"930,8";"930,8";"930,2";"0,9";"121,0";"3,0";"";"0,0"
"22/06/2021";"1000";"13,8";"14,4";"13,8";"";"";"";"";"";"";"931,2";"931,2";"930,8";"1,6";"160,0";"3,3";"0,50";"0,0"
"22/06/2021";"1100";"14,0";"14,0";"13,8";"";"";"";"";"";"";"932,0";"932,0";"931,1";"1,1";"192,0";"3,7";"29,90";"0,0"
"22/06/2021";"1200";"14,4";"14,4";"13,9";"";"";"";"";"";"";"932,3";"932,6";"932,0";"1,0";"129,0";"2,4";"147,50";"0,0"
"22/06/2021";"1300";"15,6";"15,8";"14,3";"100,0";"";"";"15,6";"";"";"932,6";"932,9";"932,3";"0,6";"350,0";"2,0";"417,40";"0,0"
"22/06/2021";"1400";"16,5";"16,8";"15,5";"92,0";"100,0";"91,0";"15,1";"16,3";"14,9";"932,5";"932,7";"932,4";"0,9";"93,0";"1,7";"730,00";"0,0"
"22/06/2021";"1500";"16,7";"16,7";"16,4";"94,0";"97,0";"89,0";"15,8";"16,1";"14,8";"932,1";"932,5";"932,1";"0,5";"161,0";"2,3";"489,90";"0,0"
"22/06/2021";"1600";"16,5";"16,9";"16,4";"97,0";"100,0";"87,0";"15,9";"16,7";"14,6";"931,6";"932,1";"931,6";"1,5";"121,0";"2,5";"403,80";"0,0"
"22/06/2021";"1700";"16,6";"16,8";"16,2";"92,0";"100,0";"91,0";"15,3";"16,6";"15,2";"931,4";"931,7";"931,4";"1,3";"168,0";"3,1";"461,80";"0,0"
"22/06/2021";"1800";"16,5";"16,8";"16,3";"92,0";"97,0";"90,0";"15,3";"16,1";"14,7";"931,3";"931,5";"931,3";"1,9";"157,0";"4,0";"312,00";"0,0"
"22/06/2021";"1900";"16,2";"16,5";"15,9";"92,0";"100,0";"90,0";"14,9";"16,1";"14,6";"931,4";"931,4";"931,1";"1,9";"165,0";"5,2";"198,20";"0,0"
"22/06/2021";"2000";"15,5";"16,2";"15,5";"100,0";"100,0";"92,0";"15,5";"16,2";"14,8";"932,0";"932,1";"931,4";"2,9";"151,0";"5,4";"100,90";"0,0"
"22/06/2021";"2100";"14,8";"15,6";"14,8";"";"100,0";"100,0";"";"15,6";"14,9";"932,9";"932,9";"931,8";"2,3";"175,0";"5,4";"20,70";"0,0"
"22/06/2021";"2200";"14,6";"14,8";"14,6";"";"";"";"";"";"";"933,0";"933,1";"932,4";"2,8";"163,0";"5,9";"";"0,0"
"22/06/2021";"2300";"14,3";"14,6";"14,3";"";"";"";"";"";"";"933,5";"933,6";"933,0";"2,5";"170,0";"5,3";"";"0,0"
"23/06/2021";"0000";"14,1";"14,4";"14,1";"";"";"";"";"";"";"933,6";"933,8";"933,5";"2,5";"159,0";"4,7";"";"0,0"
"23/06/2021";"0100";"13,9";"14,1";"13,8";"";"";"";"";"";"";"934,1";"934,1";"933,6";"2,5";"167,0";"5,9";"";"0,0"
"23/06/2021";"0200";"13,8";"14,0";"13,8";"";"";"";"";"";"";"933,9";"934,4";"933,9";"2,4";"155,0";"4,8";"";"0,0"
"23/06/2021";"0300";"13,9";"13,9";"13,6";"";"";"";"";"";"";"933,8";"934,0";"933,6";"1,4";"163,0";"6,6";"";"0,0"
"23/06/2021";"0400";"13,8";"14,0";"13,8";"";"";"";"";"";"";"934,0";"934,0";"933,8";"1,4";"182,0";"3,3";"";"0,0"
"23/06/2021";"0500";"13,7";"13,8";"13,7";"";"";"";"";"";"";"933,9";"934,0";"933,7";"1,3";"156,0";"2,8";"";"0,8"
"23/06/2021";"0600";"13,4";"13,9";"13,4";"";"";"";"";"";"";"933,5";"933,9";"933,4";"2,3";"135,0";"5,3";"";"0,0"
"23/06/2021";"0700";"13,5";"13,6";"13,4";"";"";"";"";"";"";"933,4";"933,6";"933,4";"1,7";"131,0";"5,2";"";"0,0"
"23/06/2021";"0800";"13,5";"13,6";"13,3";"";"";"";"";"";"";"933,4";"933,5";"933,2";"1,5";"127,0";"5,4";"";"0,0"
"23/06/2021";"0900";"13,5";"13,5";"13,4";"";"";"";"";"";"";"933,7";"933,7";"933,3";"2,1";"119,0";"5,0";"";"0,0"
"23/06/2021";"1000";"13,5";"13,5";"13,2";"";"";"";"";"";"";"934,2";"934,3";"933,7";"1,5";"114,0";"4,1";"0,40";"0,0"
"23/06/2021";"1100";"14,4";"14,9";"13,5";"100,0";"";"";"14,3";"";"";"934,4";"934,4";"934,2";"2,9";"128,0";"5,7";"208,50";"0,0"
"23/06/2021";"1200";"15,0";"15,5";"14,3";"91,0";"100,0";"87,0";"13,5";"15,2";"13,1";"935,0";"935,0";"934,4";"3,3";"111,0";"6,3";"677,60";"0,0"
"23/06/2021";"1300";"16,7";"16,7";"15,0";"81,0";"91,0";"81,0";"13,4";"13,9";"12,1";"935,3";"935,3";"935,0";"2,9";"120,0";"6,7";"1119,60";"0,0"
"23/06/2021";"1400";"17,0";"17,4";"16,0";"75,0";"85,0";"74,0";"12,5";"13,8";"12,5";"935,0";"935,3";"935,0";"2,7";"108,0";"6,2";"1915,00";"0,0"
"23/06/2021";"1500";"16,0";"18,2";"16,0";"86,0";"86,0";"69,0";"13,7";"13,7";"12,0";"934,5";"935,1";"934,5";"4,1";"142,0";"9,6";"1960,60";"0,0"
"23/06/2021";"1600";"15,8";"17,5";"15,6";"91,0";"91,0";"78,0";"14,3";"14,5";"13,2";"933,8";"934,5";"933,8";"3,3";"139,0";"9,6";"1271,60";"0,0"
"23/06/2021";"1700";"17,4";"17,9";"15,6";"74,0";"93,0";"74,0";"12,7";"14,8";"12,7";"933,1";"933,9";"933,1";"3,0";"128,0";"7,3";"1965,70";"0,0"
"23/06/2021";"1800";"16,5";"17,9";"16,4";"80,0";"82,0";"69,0";"13,1";"13,3";"11,8";"932,9";"933,1";"932,9";"3,3";"123,0";"7,7";"1253,50";"0,0"
"23/06/2021";"1900";"16,0";"16,9";"15,9";"82,0";"83,0";"79,0";"12,9";"13,7";"12,7";"932,7";"932,9";"932,6";"3,0";"138,0";"6,5";"806,60";"0,0"
"23/06/2021";"2000";"15,6";"16,4";"15,4";"88,0";"89,0";"80,0";"13,5";"13,7";"12,7";"932,7";"932,8";"932,6";"2,3";"126,0";"6,3";"402,60";"0,0"
"23/06/2021";"2100";"14,7";"15,6";"14,7";"100,0";"100,0";"87,0";"14,7";"15,0";"13,4";"933,1";"933,2";"932,7";"2,7";"136,0";"6,3";"42,60";"0,0"
"23/06/2021";"2200";"14,2";"14,7";"14,2";"100,0";"100,0";"100,0";"14,2";"14,7";"14,2";"933,3";"933,4";"933,1";"2,6";"117,0";"5,6";"";"0,0"
"23/06/2021";"2300";"13,8";"14,2";"13,8";"100,0";"100,0";"100,0";"13,8";"14,2";"13,8";"933,5";"933,5";"933,3";"2,4";"131,0";"5,8";"";"0,0"
"24/06/2021";"0000";"13,6";"13,9";"13,6";"";"100,0";"78,0";"";"13,9";"13,7";"933,5";"933,5";"933,3";"1,8";"126,0";"5,6";"";"0,0"
"24/06/2021";"0100";"13,0";"13,6";"13,0";"";"";"";"";"";"";"933,7";"934,0";"933,5";"1,3";"123,0";"3,8";"";"0,0"
"24/06/2021";"0200";"13,3";"13,3";"12,8";"";"";"";"";"";"";"933,8";"933,9";"933,6";"2,0";"109,0";"4,1";"";"0,0"
"24/06/2021";"0300";"13,0";"13,4";"12,9";"";"";"";"";"";"";"933,2";"933,8";"933,1";"1,6";"112,0";"5,0";"";"0,0"
"24/06/2021";"0400";"13,2";"13,2";"12,9";"";"";"";"";"";"";"932,8";"933,3";"932,8";"1,4";"129,0";"3,8";"";"0,0"
"24/06/2021";"0500";"13,0";"13,2";"12,8";"";"";"";"";"";"";"931,7";"932,8";"931,7";"1,4";"90,0";"3,7";"";"0,0"
"24/06/2021";"0600";"13,6";"13,6";"13,0";"95,0";"100,0";"92,0";"12,9";"13,6";"12,7";"930,8";"931,8";"930,8";"2,6";"48,0";"7,0";"";"0,0"
"24/06/2021";"0700";"13,5";"13,6";"13,5";"96,0";"98,0";"94,0";"12,9";"13,2";"12,6";"930,1";"930,8";"930,1";"2,5";"35,0";"7,0";"";"0,0"
"24/06/2021";"0800";"13,1";"13,5";"13,1";"100,0";"100,0";"96,0";"13,0";"13,3";"12,9";"928,8";"930,1";"928,8";"1,9";"46,0";"7,3";"";"0,0"
"24/06/2021";"0900";"12,8";"13,1";"12,7";"100,0";"100,0";"100,0";"12,8";"13,0";"12,7";"928,9";"928,9";"928,6";"1,6";"21,0";"7,1";"";"0,0"
"24/06/2021";"1000";"12,9";"12,9";"12,7";"100,0";"100,0";"100,0";"12,9";"12,9";"12,7";"929,5";"929,5";"928,8";"1,6";"50,0";"6,5";"";"0,0"
"24/06/2021";"1100";"13,3";"13,3";"12,7";"97,0";"100,0";"97,0";"12,8";"13,2";"12,7";"929,8";"929,8";"929,5";"1,9";"358,0";"4,5";"175,10";"0,0"
"24/06/2021";"1200";"15,3";"15,4";"13,3";"81,0";"97,0";"80,0";"12,1";"12,8";"11,6";"931,6";"931,6";"929,8";"1,3";"72,0";"4,7";"938,20";"0,0"
"24/06/2021";"1300";"17,3";"17,3";"15,1";"73,0";"83,0";"72,0";"12,4";"12,8";"11,6";"931,6";"931,7";"931,5";"1,6";"41,0";"4,5";"1574,00";"0,0"
"24/06/2021";"1400";"18,0";"18,3";"16,4";"68,0";"75,0";"66,0";"11,9";"12,8";"11,3";"930,8";"931,6";"930,8";"2,3";"32,0";"5,4";"1905,60";"0,0"
"24/06/2021";"1500";"19,8";"19,8";"18,0";"63,0";"69,0";"62,0";"12,6";"12,9";"11,6";"930,2";"930,8";"930,2";"1,8";"46,0";"5,4";"2206,70";"0,0"
"24/06/2021";"1600";"22,0";"22,4";"19,8";"55,0";"63,0";"55,0";"12,5";"13,4";"12,2";"928,8";"930,2";"928,8";"2,1";"332,0";"5,4";"2250,60";"0,0"
"24/06/2021";"1700";"23,2";"23,5";"21,7";"50,0";"57,0";"49,0";"12,2";"13,6";"12,0";"928,2";"928,8";"928,2";"2,5";"334,0";"7,2";"1974,60";"0,0"
"24/06/2021";"1800";"23,3";"23,9";"22,9";"54,0";"54,0";"48,0";"13,4";"13,4";"11,8";"928,1";"928,2";"928,1";"2,2";"321,0";"6,7";"1581,90";"0,0"
"24/06/2021";"1900";"23,2";"23,8";"22,7";"53,0";"56,0";"49,0";"13,1";"13,3";"11,9";"927,9";"928,1";"927,8";"2,1";"330,0";"6,2";"1047,90";"0,0"
"24/06/2021";"2000";"21,2";"23,2";"21,1";"56,0";"57,0";"51,0";"12,1";"13,2";"11,9";"928,0";"928,0";"927,8";"1,2";"325,0";"5,6";"407,20";"0,0"
"24/06/2021";"2100";"19,4";"21,2";"19,4";"62,0";"62,0";"54,0";"11,9";"12,4";"11,6";"928,1";"928,1";"927,9";"1,0";"326,0";"3,9";"28,10";"0,0"
"24/06/2021";"2200";"18,0";"19,4";"18,0";"69,0";"69,0";"62,0";"12,3";"12,3";"11,9";"928,3";"928,4";"928,1";"0,9";"323,0";"2,8";"";"0,0"
"24/06/2021";"2300";"18,0";"18,5";"17,9";"70,0";"71,0";"67,0";"12,5";"12,7";"12,2";"928,5";"928,5";"928,2";"0,6";"332,0";"3,2";"";"0,0"
"25/06/2021";"0000";"17,9";"18,4";"17,2";"71,0";"75,0";"68,0";"12,5";"12,7";"12,4";"928,7";"928,7";"928,5";"0,9";"332,0";"2,0";"";"0,0"
"25/06/2021";"0100";"18,0";"18,1";"17,5";"71,0";"72,0";"70,0";"12,7";"12,8";"12,2";"928,7";"928,7";"928,6";"0,9";"11,0";"2,4";"";"0,0"
"25/06/2021";"0200";"16,8";"18,1";"16,8";"79,0";"79,0";"71,0";"13,1";"13,2";"12,6";"929,0";"929,0";"928,7";"1,0";"330,0";"1,9";"";"0,0"
"25/06/2021";"0300";"16,1";"16,8";"15,9";"84,0";"91,0";"79,0";"13,4";"14,6";"13,1";"928,7";"929,0";"928,7";"1,0";"358,0";"2,4";"";"0,0"
"25/06/2021";"0400";"15,6";"16,5";"15,6";"85,0";"86,0";"82,0";"13,1";"13,5";"13,0";"928,6";"928,7";"928,6";"0,4";"304,0";"2,2";"";"0,0"
"25/06/2021";"0500";"16,0";"16,2";"15,5";"82,0";"85,0";"80,0";"12,9";"13,1";"12,7";"928,1";"928,6";"928,1";"1,1";"12,0";"2,3";"";"0,0"
"25/06/2021";"0600";"15,3";"16,5";"15,3";"86,0";"86,0";"79,0";"12,9";"13,0";"12,7";"928,0";"928,1";"927,9";"0,5";"325,0";"2,8";"";"0,0"
"25/06/2021";"0700";"15,2";"15,8";"15,2";"87,0";"87,0";"83,0";"13,0";"13,3";"12,8";"927,7";"928,0";"927,7";"0,8";"328,0";"2,6";"";"0,0"
"25/06/2021";"0800";"14,6";"15,4";"14,5";"90,0";"90,0";"85,0";"12,9";"13,2";"12,7";"927,7";"927,9";"927,7";"0,9";"319,0";"2,2";"";"0,0"
"25/06/2021";"0900";"14,8";"14,9";"14,5";"87,0";"90,0";"87,0";"12,7";"13,0";"12,6";"928,0";"928,0";"927,7";"0,4";"309,0";"2,3";"";"0,0"
"25/06/2021";"1000";"14,2";"14,8";"14,2";"90,0";"90,0";"86,0";"12,7";"12,8";"12,4";"928,9";"928,9";"928,0";"1,1";"321,0";"1,7";"";"0,0"
"25/06/2021";"1100";"15,8";"15,8";"14,2";"84,0";"99,0";"84,0";"13,0";"14,2";"12,7";"929,5";"929,5";"928,9";"1,2";"345,0";"2,9";"155,40";"0,0"
"25/06/2021";"1200";"17,6";"17,7";"15,8";"76,0";"84,0";"76,0";"13,2";"13,7";"13,0";"930,2";"930,2";"929,5";"0,7";"11,0";"3,2";"504,60";"0,0"
"25/06/2021";"1300";"18,9";"18,9";"17,5";"73,0";"79,0";"72,0";"14,0";"14,6";"13,2";"930,5";"930,5";"930,2";"0,8";"39,0";"3,1";"662,70";"0,0"
"25/06/2021";"1400";"21,4";"21,4";"18,9";"64,0";"75,0";"62,0";"14,3";"14,7";"13,2";"930,4";"930,6";"930,4";"1,0";"1,0";"3,0";"1205,90";"0,0"
"25/06/2021";"1500";"23,2";"23,5";"21,4";"60,0";"67,0";"57,0";"15,1";"15,6";"13,9";"930,1";"930,4";"930,1";"1,1";"44,0";"3,3";"1528,60";"0,0"
"25/06/2021";"1600";"22,2";"24,8";"22,2";"62,0";"63,0";"52,0";"14,7";"16,3";"14,1";"929,5";"930,1";"929,5";"2,1";"148,0";"4,1";"1275,00";"0,0"
"25/06/2021";"1700";"21,7";"23,0";"21,4";"67,0";"71,0";"62,0";"15,2";"16,4";"14,5";"929,1";"929,5";"929,0";"3,6";"156,0";"6,6";"1224,30";"0,0"
"25/06/2021";"1800";"21,5";"22,2";"21,3";"66,0";"69,0";"64,0";"14,8";"15,8";"14,8";"929,1";"929,1";"928,9";"3,0";"128,0";"7,2";"1278,40";"0,0"
"25/06/2021";"1900";"20,6";"22,1";"20,6";"69,0";"69,0";"64,0";"14,6";"15,7";"14,4";"929,3";"929,3";"929,0";"2,6";"128,0";"5,8";"867,80";"0,0"
"25/06/2021";"2000";"19,4";"20,6";"19,4";"78,0";"78,0";"68,0";"15,6";"15,6";"14,4";"929,5";"929,5";"929,3";"1,5";"135,0";"5,3";"301,70";"0,0"
"25/06/2021";"2100";"17,8";"19,4";"17,8";"86,0";"86,0";"78,0";"15,4";"15,7";"15,4";"929,7";"929,7";"929,5";"1,2";"112,0";"3,4";"20,30";"0,0"
"25/06/2021";"2200";"17,4";"17,9";"17,4";"87,0";"87,0";"84,0";"15,2";"15,5";"15,1";"930,1";"930,1";"929,7";"1,5";"146,0";"2,5";"";"0,0"
"25/06/2021";"2300";"16,5";"17,9";"16,5";"100,0";"100,0";"84,0";"16,5";"17,1";"15,1";"930,6";"930,6";"930,1";"0,9";"169,0";"2,9";"";"0,0"
"26/06/2021";"0000";"16,0";"16,5";"15,9";"";"";"";"";"";"";"930,7";"930,7";"930,6";"0,9";"183,0";"1,6";"";"0,0"
"26/06/2021";"0100";"15,5";"16,0";"15,3";"";"";"";"";"";"";"930,7";"930,7";"930,6";"0,8";"146,0";"1,8";"";"0,0"
"26/06/2021";"0200";"15,4";"15,6";"15,0";"";"";"";"";"";"";"930,8";"930,9";"930,7";"1,9";"154,0";"3,8";"";"0,0"
"26/06/2021";"0300";"15,7";"15,7";"15,3";"";"";"";"";"";"";"930,7";"930,8";"930,7";"1,2";"133,0";"4,8";"";"0,0"
"26/06/2021";"0400";"15,6";"15,8";"15,4";"";"";"";"";"";"";"930,8";"930,8";"930,5";"1,7";"128,0";"3,6";"";"0,0"
"26/06/2021";"0500";"15,8";"15,8";"15,6";"";"";"";"";"";"";"930,6";"930,8";"930,6";"1,7";"154,0";"4,1";"";"0,0"
"26/06/2021";"0600";"15,6";"15,8";"15,6";"";"";"";"";"";"";"930,2";"930,6";"930,1";"1,1";"154,0";"3,0";"";"0,0"
"26/06/2021";"0700";"15,5";"15,7";"15,5";"";"";"";"";"";"";"930,0";"930,2";"930,0";"1,5";"129,0";"2,9";"";"0,0"
"26/06/2021";"0800";"15,5";"15,6";"15,5";"";"";"";"";"";"";"929,9";"930,0";"929,9";"0,8";"94,0";"3,0";"";"0,0"
"26/06/2021";"0900";"15,0";"15,5";"15,0";"";"";"";"";"";"";"929,8";"929,9";"929,8";"0,5";"99,0";"2,7";"";"0,0"
"26/06/2021";"1000";"14,8";"15,1";"14,7";"";"";"";"";"";"";"930,1";"930,1";"929,8";"0,6";"109,0";"1,4";"0,90";"0,0"
"26/06/2021";"1100";"15,6";"15,6";"14,6";"";"";"";"";"";"";"930,7";"930,7";"930,1";"0,4";"108,0";"1,7";"159,20";"0,0"
"26/06/2021";"1200";"18,0";"18,2";"15,4";"82,0";"";"";"15,0";"";"";"931,1";"931,1";"930,7";"1,0";"30,0";"2,9";"740,40";"0,0"
"26/06/2021";"1300";"21,0";"21,0";"18,0";"68,0";"83,0";"67,0";"14,9";"15,5";"14,2";"931,2";"931,3";"931,1";"1,4";"16,0";"4,5";"1401,40";"0,0"
"26/06/2021";"1400";"22,8";"22,9";"21,0";"59,0";"68,0";"58,0";"14,4";"15,5";"14,2";"931,0";"931,3";"931,0";"1,8";"36,0";"5,3";"1857,60";"0,0"
"26/06/2021";"1500";"24,7";"24,7";"22,8";"55,0";"60,0";"53,0";"15,0";"15,7";"14,2";"930,4";"931,0";"930,4";"1,3";"50,0";"5,1";"2122,30";"0,0"
"26/06/2021";"1600";"25,5";"26,0";"24,5";"52,0";"56,0";"51,0";"14,8";"15,8";"14,4";"929,6";"930,4";"929,6";"1,3";"66,0";"4,7";"2160,30";"0,0"
"26/06/2021";"1700";"25,8";"26,2";"25,2";"52,0";"56,0";"49,0";"15,3";"16,1";"14,4";"928,8";"929,6";"928,8";"1,5";"68,0";"3,4";"1924,40";"0,0"
"26/06/2021";"1800";"25,5";"26,3";"25,2";"53,0";"55,0";"49,0";"15,2";"16,3";"14,1";"928,2";"928,8";"928,2";"1,1";"74,0";"4,0";"1413,00";"0,0"
"26/06/2021";"1900";"25,1";"25,8";"25,1";"51,0";"54,0";"48,0";"14,2";"15,3";"13,5";"927,8";"928,2";"927,8";"1,1";"81,0";"3,6";"807,20";"0,0"
"26/06/2021";"2000";"23,5";"25,3";"23,5";"54,0";"54,0";"48,0";"13,8";"14,7";"13,0";"927,9";"927,9";"927,8";"0,9";"93,0";"3,0";"316,30";"0,0"
"26/06/2021";"2100";"21,7";"23,7";"21,7";"62,0";"62,0";"53,0";"14,0";"14,0";"13,6";"928,3";"928,3";"927,9";"0,7";"141,0";"3,0";"22,80";"0,0"
"26/06/2021";"2200";"20,2";"21,8";"20,1";"68,0";"68,0";"61,0";"14,0";"14,1";"13,9";"928,6";"928,6";"928,3";"0,7";"181,0";"1,5";"";"0,0"
"26/06/2021";"2300";"20,0";"20,2";"19,6";"70,0";"70,0";"68,0";"14,4";"14,4";"13,8";"928,8";"928,8";"928,6";"0,5";"144,0";"1,3";"";"0,0"
"27/06/2021";"0000";"20,7";"21,1";"19,8";"66,0";"71,0";"64,0";"14,1";"14,6";"14,1";"929,1";"929,1";"928,8";"0,5";"69,0";"2,1";"";"0,0"
"27/06/2021";"0100";"21,2";"21,5";"20,4";"63,0";"67,0";"62,0";"13,9";"14,1";"13,8";"929,1";"929,1";"929,1";"1,1";"7,0";"2,8";"";"0,0"
"27/06/2021";"0200";"20,1";"21,2";"20,1";"68,0";"68,0";"63,0";"14,1";"14,2";"13,9";"929,1";"929,1";"928,9";"0,8";"20,0";"2,7";"";"0,0"
"27/06/2021";"0300";"19,7";"20,3";"19,3";"72,0";"73,0";"68,0";"14,4";"14,5";"14,0";"929,1";"929,1";"929,1";"0,9";"340,0";"3,2";"";"0,0"
"27/06/2021";"0400";"19,2";"19,7";"19,1";"73,0";"74,0";"72,0";"14,3";"14,5";"14,3";"929,2";"929,3";"929,1";"1,1";"2,0";"3,2";"";"0,0"
"27/06/2021";"0500";"18,5";"19,2";"18,5";"77,0";"77,0";"73,0";"14,3";"14,5";"14,3";"929,0";"929,2";"929,0";"1,4";"6,0";"4,4";"";"0,0"
"27/06/2021";"0600";"17,9";"18,6";"17,8";"80,0";"81,0";"77,0";"14,4";"14,6";"14,3";"928,6";"929,0";"928,6";"1,2";"357,0";"4,1";"";"0,0"
"27/06/2021";"0700";"17,3";"17,9";"16,8";"83,0";"91,0";"80,0";"14,3";"15,3";"14,3";"928,1";"928,6";"928,1";"1,4";"349,0";"2,6";"";"0,0"
"27/06/2021";"0800";"16,7";"17,3";"16,6";"82,0";"83,0";"80,0";"13,7";"14,3";"13,5";"928,1";"928,1";"928,0";"1,0";"345,0";"3,2";"";"0,0"
"27/06/2021";"0900";"16,5";"16,8";"16,5";"81,0";"83,0";"80,0";"13,1";"13,7";"13,1";"928,4";"928,4";"928,1";"1,2";"351,0";"2,7";"";"0,0"
"27/06/2021";"1000";"16,3";"16,5";"15,7";"80,0";"86,0";"80,0";"12,9";"13,5";"12,9";"929,1";"929,1";"928,4";"0,8";"9,0";"2,3";"0,50";"0,0"
"27/06/2021";"1100";"17,2";"17,2";"15,9";"76,0";"83,0";"76,0";"12,9";"13,1";"12,8";"929,6";"929,6";"929,1";"1,1";"339,0";"2,3";"158,50";"0,0"
"27/06/2021";"1200";"19,6";"19,6";"17,2";"66,0";"76,0";"66,0";"13,1";"13,5";"12,7";"930,2";"930,2";"929,6";"1,4";"6,0";"3,3";"844,60";"0,0"
"27/06/2021";"1300";"21,6";"21,6";"19,5";"61,0";"67,0";"59,0";"13,7";"13,8";"12,7";"930,1";"930,3";"930,1";"1,3";"25,0";"5,1";"1413,50";"0,0"
"27/06/2021";"1400";"22,9";"23,2";"21,4";"52,0";"60,0";"51,0";"12,4";"14,0";"12,4";"929,6";"930,1";"929,6";"2,6";"358,0";"6,1";"1942,10";"0,0"
"27/06/2021";"1500";"24,7";"24,7";"22,8";"49,0";"53,0";"48,0";"13,1";"13,3";"12,3";"928,9";"929,6";"928,9";"3,0";"334,0";"7,5";"2213,30";"0,0"
"27/06/2021";"1600";"25,7";"25,7";"24,4";"48,0";"50,0";"46,0";"13,9";"13,9";"12,2";"927,9";"928,9";"927,9";"2,4";"329,0";"7,5";"2259,70";"0,0"
"27/06/2021";"1700";"26,3";"26,3";"25,4";"45,0";"50,0";"45,0";"13,3";"14,3";"13,0";"927,3";"927,9";"927,2";"2,7";"325,0";"7,6";"2024,70";"0,0"
"27/06/2021";"1800";"26,3";"26,8";"25,8";"41,0";"49,0";"41,0";"12,0";"14,6";"12,0";"926,9";"927,3";"926,9";"2,4";"317,0";"7,6";"1666,00";"0,0"
"27/06/2021";"1900";"25,1";"26,5";"25,0";"44,0";"46,0";"41,0";"12,2";"12,9";"11,5";"926,9";"926,9";"926,8";"2,3";"328,0";"7,9";"1119,50";"0,0"
"27/06/2021";"2000";"22,9";"25,2";"22,9";"49,0";"49,0";"43,0";"11,5";"13,0";"11,0";"927,4";"927,4";"926,9";"1,9";"327,0";"6,2";"407,20";"0,0"
"27/06/2021";"2100";"20,7";"22,9";"20,7";"53,0";"53,0";"45,0";"10,7";"11,7";"10,1";"928,0";"928,0";"927,4";"0,4";"341,0";"4,8";"27,90";"0,0"
"27/06/2021";"2200";"19,9";"20,7";"19,9";"59,0";"59,0";"53,0";"11,7";"11,7";"10,7";"928,5";"928,5";"928,0";"0,3";"325,0";"1,3";"";"0,0"
"27/06/2021";"2300";"19,3";"19,9";"19,3";"63,0";"63,0";"59,0";"12,0";"12,0";"11,7";"928,9";"928,9";"928,5";"0,2";"3,0";"0,9";"";"0,0"
"28/06/2021";"0000";"17,5";"19,3";"17,5";"75,0";"75,0";"63,0";"12,9";"12,9";"11,7";"929,2";"929,2";"928,9";"0,4";"110,0";"0,7";"";"0,0"
"28/06/2021";"0100";"18,4";"18,4";"16,2";"67,0";"85,0";"67,0";"12,3";"13,8";"12,2";"929,3";"929,3";"929,1";"0,8";"2,0";"1,5";"";"0,0"
"28/06/2021";"0200";"17,4";"18,6";"17,4";"73,0";"74,0";"66,0";"12,4";"12,9";"12,0";"929,5";"929,5";"929,3";"0,7";"295,0";"1,5";"";"0,0"
"28/06/2021";"0300";"16,2";"17,4";"16,2";"80,0";"80,0";"73,0";"12,7";"12,8";"12,2";"929,7";"929,7";"929,5";"0,5";"328,0";"1,2";"";"0,0"
"28/06/2021";"0400";"14,9";"16,2";"14,9";"100,0";"100,0";"80,0";"14,9";"15,5";"12,5";"929,9";"929,9";"929,7";"0,2";"318,0";"1,0";"";"0,0"
"28/06/2021";"0500";"15,0";"15,4";"14,8";"100,0";"100,0";"100,0";"15,0";"15,4";"14,8";"930,0";"930,1";"929,9";"0,6";"302,0";"1,2";"";"0,0"
"28/06/2021";"0600";"14,4";"15,0";"14,3";"100,0";"100,0";"100,0";"14,3";"15,0";"14,3";"929,7";"930,0";"929,5";"0,5";"309,0";"1,2";"";"0,0"
"28/06/2021";"0700";"14,1";"14,5";"14,0";"100,0";"100,0";"100,0";"14,1";"14,5";"14,0";"929,6";"929,8";"929,6";"0,9";"312,0";"1,9";"";"0,0"
"28/06/2021";"0800";"13,8";"14,2";"13,8";"100,0";"100,0";"100,0";"13,8";"14,1";"13,8";"929,6";"929,7";"929,5";"0,2";"144,0";"2,8";"";"0,0"
"28/06/2021";"0900";"14,5";"14,6";"13,8";"91,0";"100,0";"90,0";"13,1";"14,3";"12,9";"929,6";"929,6";"929,4";"0,5";"346,0";"1,3";"";"0,0"
"28/06/2021";"1000";"14,8";"15,0";"14,3";"86,0";"100,0";"85,0";"12,4";"15,0";"12,1";"930,1";"930,1";"929,5";"1,0";"347,0";"1,9";"0,60";"0,0"
"28/06/2021";"1100";"15,8";"15,8";"14,3";"75,0";"95,0";"75,0";"11,4";"13,5";"11,4";"931,3";"931,3";"930,1";"1,4";"183,0";"3,4";"137,10";"0,0"
"28/06/2021";"1200";"15,2";"16,1";"14,8";"88,0";"88,0";"73,0";"13,2";"13,5";"11,2";"932,2";"932,2";"931,3";"2,0";"209,0";"5,8";"913,50";"0,0"
"28/06/2021";"1300";"16,8";"17,0";"14,6";"87,0";"100,0";"84,0";"14,6";"16,1";"13,2";"932,7";"932,7";"932,2";"2,3";"163,0";"5,4";"1233,80";"0,0"
"28/06/2021";"1400";"18,2";"18,3";"16,6";"74,0";"87,0";"74,0";"13,4";"14,7";"13,3";"932,6";"932,7";"932,6";"2,3";"185,0";"4,9";"1407,00";"0,0"
"28/06/2021";"1500";"19,1";"19,6";"18,1";"70,0";"74,0";"70,0";"13,6";"14,6";"12,8";"931,8";"932,6";"931,8";"2,9";"108,0";"5,2";"2194,40";"0,0"
"28/06/2021";"1600";"20,0";"20,4";"19,1";"67,0";"73,0";"66,0";"13,6";"14,5";"13,0";"930,8";"931,8";"930,8";"2,4";"139,0";"5,3";"2222,40";"0,0"
"28/06/2021";"1700";"20,2";"21,0";"19,9";"72,0";"72,0";"66,0";"15,1";"15,2";"13,8";"930,3";"930,8";"930,3";"2,8";"129,0";"6,4";"1995,50";"0,0"
"28/06/2021";"1800";"19,3";"20,2";"19,2";"76,0";"77,0";"72,0";"14,9";"15,6";"14,6";"930,3";"930,3";"930,1";"2,9";"139,0";"6,8";"1640,60";"0,0"
"28/06/2021";"1900";"17,0";"19,3";"16,9";"87,0";"87,0";"76,0";"14,8";"15,1";"14,4";"930,6";"930,6";"930,3";"4,0";"161,0";"7,4";"689,10";"0,0"
"28/06/2021";"2000";"16,3";"17,0";"16,2";"100,0";"100,0";"86,0";"16,2";"16,6";"14,5";"931,0";"931,1";"930,6";"3,4";"161,0";"8,1";"239,80";"0,0"
"28/06/2021";"2100";"15,4";"16,3";"15,3";"";"100,0";"100,0";"";"16,3";"15,6";"931,6";"931,6";"931,0";"2,3";"168,0";"8,0";"26,10";"0,0"
"28/06/2021";"2200";"14,7";"15,4";"14,7";"";"";"";"";"";"";"932,2";"932,2";"931,6";"2,4";"178,0";"6,6";"";"0,0"
"28/06/2021";"2300";"14,5";"14,7";"14,5";"";"";"";"";"";"";"932,2";"932,3";"932,1";"2,2";"153,0";"5,4";"";"0,0"
"29/06/2021";"0000";"14,4";"14,6";"14,4";"";"";"";"";"";"";"932,3";"932,3";"932,1";"2,7";"162,0";"5,4";"";"0,0"
"29/06/2021";"0100";"14,5";"14,5";"14,3";"";"";"";"";"";"";"932,0";"932,3";"932,0";"1,8";"128,0";"5,0";"";"0,0"
"29/06/2021";"0200";"14,5";"14,8";"14,5";"";"";"";"";"";"";"932,1";"932,2";"931,9";"1,6";"161,0";"4,5";"";"0,0"
"29/06/2021";"0300";"13,3";"14,5";"13,3";"";"";"";"";"";"";"932,1";"932,1";"931,8";"2,9";"186,0";"5,4";"";"0,0"
"29/06/2021";"0400";"12,8";"13,3";"12,8";"";"";"";"";"";"";"931,8";"932,1";"931,7";"2,9";"161,0";"6,3";"";"0,0"
"29/06/2021";"0500";"12,3";"12,8";"12,2";"";"";"";"";"";"";"932,1";"932,2";"931,8";"2,5";"166,0";"6,3";"";"0,0"
"29/06/2021";"0600";"11,9";"12,3";"11,9";"";"";"";"";"";"";"931,8";"932,1";"931,7";"2,2";"173,0";"6,6";"";"0,0"
"29/06/2021";"0700";"11,1";"11,9";"11,1";"";"";"";"";"";"";"931,8";"931,9";"931,7";"3,0";"172,0";"6,6";"";"0,0"
"29/06/2021";"0800";"11,1";"11,3";"11,1";"";"";"";"";"";"";"931,9";"932,0";"931,8";"2,0";"156,0";"6,0";"";"0,0"
"29/06/2021";"0900";"11,2";"11,3";"11,0";"";"";"";"";"";"";"932,1";"932,1";"931,7";"1,0";"164,0";"4,0";"";"0,0"
"29/06/2021";"1000";"11,1";"11,4";"11,1";"";"";"";"";"";"";"932,5";"932,5";"932,0";"1,3";"158,0";"3,5";"0,10";"0,0"
"29/06/2021";"1100";"10,7";"11,2";"10,6";"";"";"";"";"";"";"932,9";"933,0";"932,3";"2,0";"163,0";"4,1";"27,50";"0,0"
"29/06/2021";"1200";"11,1";"11,1";"10,5";"";"";"";"";"";"";"932,3";"933,0";"932,3";"1,8";"117,0";"4,8";"157,90";"0,0"
"29/06/2021";"1300";"10,5";"11,5";"10,4";"";"";"";"";"";"";"933,1";"933,2";"931,9";"2,8";"174,0";"5,8";"283,80";"0,0"
"29/06/2021";"1400";"10,6";"10,7";"10,3";"";"";"";"";"";"";"932,9";"933,4";"932,9";"1,4";"171,0";"5,3";"199,20";"0,0"
"29/06/2021";"1500";"10,3";"10,8";"9,9";"";"";"";"";"";"";"932,3";"932,9";"932,3";"1,2";"132,0";"3,5";"295,50";"0,0"
"29/06/2021";"1600";"10,7";"10,9";"10,3";"";"";"";"";"";"";"931,7";"932,3";"931,7";"0,7";"142,0";"2,1";"297,60";"0,2"
"29/06/2021";"1700";"11,1";"11,1";"10,6";"";"";"";"";"";"";"931,1";"931,7";"931,0";"0,7";"98,0";"1,9";"244,00";"0,0"
"29/06/2021";"1800";"12,5";"12,5";"10,9";"";"";"";"";"";"";"930,9";"931,2";"930,8";"0,6";"319,0";"2,4";"262,50";"0,0"
"29/06/2021";"1900";"14,4";"15,1";"12,5";"76,0";"";"";"10,2";"";"";"931,0";"931,0";"930,6";"1,7";"298,0";"5,9";"577,60";"0,0"
"29/06/2021";"2000";"13,6";"14,7";"13,6";"78,0";"85,0";"72,0";"9,9";"11,7";"9,1";"931,5";"931,6";"930,9";"1,8";"292,0";"6,0";"267,30";"0,0"
"29/06/2021";"2100";"12,1";"13,6";"12,1";"82,0";"83,0";"73,0";"9,1";"10,3";"8,1";"931,9";"932,1";"931,5";"2,3";"299,0";"6,7";"30,10";"0,0"
"29/06/2021";"2200";"11,7";"12,3";"11,2";"77,0";"91,0";"74,0";"7,8";"9,8";"7,7";"932,0";"932,1";"931,7";"1,6";"297,0";"6,2";"";"0,0"
"29/06/2021";"2300";"11,3";"11,8";"11,2";"74,0";"83,0";"71,0";"6,9";"8,6";"6,4";"932,6";"932,6";"932,0";"1,3";"280,0";"7,0";"";"0,0"
"30/06/2021";"0000";"9,9";"11,3";"9,9";"77,0";"81,0";"73,0";"6,0";"7,3";"5,8";"932,8";"932,8";"932,5";"1,2";"293,0";"4,9";"";"0,0"
"30/06/2021";"0100";"9,3";"10,0";"9,2";"76,0";"83,0";"73,0";"5,3";"6,5";"5,2";"933,0";"933,2";"932,7";"0,9";"276,0";"4,6";"";"0,0"
"30/06/2021";"0200";"9,1";"9,7";"8,8";"71,0";"78,0";"69,0";"4,0";"5,5";"4,0";"932,9";"933,1";"932,8";"1,3";"283,0";"4,2";"";"0,0"
"30/06/2021";"0300";"7,2";"9,3";"7,1";"82,0";"95,0";"68,0";"4,2";"6,5";"3,5";"932,8";"933,0";"932,8";"1,6";"303,0";"5,3";"";"0,0"
"30/06/2021";"0400";"6,7";"7,3";"6,6";"87,0";"93,0";"76,0";"4,7";"5,4";"3,3";"933,1";"933,2";"932,8";"0,8";"298,0";"4,4";"";"0,0"
"30/06/2021";"0500";"5,6";"6,7";"5,6";"100,0";"100,0";"84,0";"5,6";"5,7";"4,3";"932,7";"933,1";"932,7";"0,9";"297,0";"3,2";"";"0,0"
"30/06/2021";"0600";"5,1";"5,6";"5,1";"100,0";"100,0";"97,0";"5,1";"5,6";"5,0";"932,6";"932,8";"932,5";"1,1";"304,0";"3,1";"";"0,0"
"30/06/2021";"0700";"5,0";"5,3";"4,9";"100,0";"100,0";"100,0";"5,0";"5,2";"4,9";"932,5";"932,7";"932,5";"0,5";"289,0";"3,4";"";"0,0"
"30/06/2021";"0800";"5,2";"5,3";"4,9";"95,0";"100,0";"94,0";"4,5";"5,3";"4,5";"932,5";"932,6";"932,3";"0,5";"275,0";"2,1";"";"0,0"
"30/06/2021";"0900";"5,4";"5,4";"5,1";"95,0";"100,0";"93,0";"4,6";"5,1";"4,4";"932,8";"932,9";"932,5";"0,8";"344,0";"1,8";"";"0,0"
"30/06/2021";"1000";"4,7";"5,4";"4,7";"100,0";"100,0";"93,0";"4,7";"5,1";"4,4";"933,2";"933,2";"932,8";"0,6";"325,0";"1,7";"";"0,0"
"30/06/2021";"1100";"6,3";"6,3";"4,6";"82,0";"100,0";"82,0";"3,4";"4,7";"3,0";"933,9";"933,9";"933,2";"0,6";"313,0";"1,3";"129,20";"0,0"
"30/06/2021";"1200";"8,5";"8,5";"6,3";"61,0";"82,0";"58,0";"1,3";"3,0";"0,5";"934,7";"934,7";"933,9";"0,7";"168,0";"1,6";"609,80";"0,0"
"30/06/2021";"1300";"9,4";"9,4";"8,5";"59,0";"63,0";"54,0";"1,9";"2,2";"0,0";"935,1";"935,2";"934,7";"2,3";"165,0";"4,3";"1269,30";"0,0"
"30/06/2021";"1400";"11,2";"11,2";"9,3";"56,0";"61,0";"53,0";"2,8";"3,3";"1,0";"935,3";"935,3";"935,1";"1,7";"143,0";"5,3";"1938,10";"0,0"
"30/06/2021";"1500";"11,2";"11,8";"10,6";"60,0";"62,0";"53,0";"3,6";"4,5";"2,0";"935,1";"935,4";"935,1";"2,3";"144,0";"6,3";"2154,90";"0,0"
"30/06/2021";"1600";"12,1";"12,3";"11,1";"57,0";"62,0";"55,0";"3,8";"4,9";"2,7";"934,3";"935,1";"934,3";"2,2";"142,0";"5,4";"2312,60";"0,0"
"30/06/2021";"1700";"12,3";"13,1";"12,0";"60,0";"62,0";"54,0";"4,9";"5,4";"3,6";"933,9";"934,3";"933,9";"2,9";"108,0";"5,3";"2209,40";"0,0"
"30/06/2021";"1800";"12,7";"12,9";"12,2";"63,0";"65,0";"57,0";"5,8";"6,1";"4,6";"933,8";"934,0";"933,8";"2,0";"114,0";"6,1";"1795,80";"0,0"
"30/06/2021";"1900";"11,4";"12,7";"11,3";"70,0";"72,0";"63,0";"6,1";"7,0";"5,6";"933,7";"933,9";"933,7";"3,2";"123,0";"6,0";"1247,40";"0,0"
"30/06/2021";"2000";"10,1";"11,6";"10,0";"75,0";"77,0";"69,0";"5,8";"6,6";"5,7";"934,2";"934,2";"933,7";"2,3";"157,0";"6,3";"450,60";"0,0"
"30/06/2021";"2100";"8,5";"10,1";"8,5";"87,0";"87,0";"75,0";"6,5";"6,5";"5,5";"934,8";"934,8";"934,2";"1,9";"154,0";"5,6";"32,70";"0,0"
"30/06/2021";"2200";"7,9";"8,6";"7,8";"81,0";"92,0";"79,0";"4,8";"6,9";"4,5";"935,2";"935,2";"934,8";"1,8";"119,0";"3,9";"";"0,0"
"30/06/2021";"2300";"7,8";"8,1";"7,7";"84,0";"85,0";"81,0";"5,2";"5,4";"4,8";"935,8";"935,8";"935,2";"1,7";"133,0";"5,2";"";"0,0"